product_type,material_type,length_m,width_m,height_m,volume_m3,complexity_level,quantity,num_workers,production_days,finishing_type,installation,location_type,total_cost
signage,kombinasi,5.73,3.79,2.3,49.95,low,83,4,3,premium,yes,outdoor,3386779252
booth,besi,4.47,4.72,0.5,10.55,high,33,5,2,premium,yes,outdoor,402345096
booth,kayu,3.39,2.3,0.64,4.99,high,15,7,3,premium,yes,outdoor,72970724
signage,acrylic,1.44,0.79,3.35,3.81,high,9,3,5,premium,no,outdoor,42862208
signage,kombinasi,1.17,2.73,0.6,1.92,high,36,3,4,premium,no,outdoor,102258425
booth,acrylic,5.13,2.52,1.69,21.85,high,95,7,4,basic,no,outdoor,1979400867
booth,kombinasi,4.61,2.93,2.26,30.53,high,60,5,5,basic,yes,indoor,2267622888
merchandise,kombinasi,0.58,1.39,2.63,2.12,medium,5,3,2,basic,no,indoor,12329600
booth,kombinasi,2.97,0.93,1.61,4.45,medium,37,4,4,premium,no,indoor,159217487
signage,besi,5.17,3.75,1.21,23.46,low,27,2,2,premium,no,indoor,469527060
signage,acrylic,5.43,2.64,2.19,31.39,medium,23,6,3,basic,no,indoor,562436265
backdrop,kombinasi,5.61,4.14,2.4,55.74,high,28,5,4,premium,no,outdoor,2086426497
signage,kombinasi,4.94,4.53,1.45,32.45,low,27,7,1,premium,yes,indoor,674149583
signage,kayu,3.17,3.62,1.31,15.03,low,59,7,1,premium,yes,outdoor,435954304
booth,besi,5.79,1.63,1.99,18.78,low,56,2,3,basic,no,outdoor,721577572
merchandise,kayu,3.99,3.56,2.09,29.69,medium,70,5,3,premium,yes,indoor,1352330001
signage,besi,2.52,3.35,2.4,20.26,medium,16,2,1,premium,yes,outdoor,310551558
merchandise,acrylic,1.71,3.7,2.93,18.54,low,71,5,1,basic,no,outdoor,808375966
signage,besi,5.11,3.54,2.71,49.02,low,31,7,2,basic,yes,outdoor,976688812
booth,kombinasi,5.81,3.01,3.15,55.09,low,99,4,3,premium,no,outdoor,4393007120
merchandise,kayu,4.03,0.88,0.98,3.48,high,84,7,3,premium,no,indoor,260418762
backdrop,acrylic,4.09,1.51,2.64,16.3,low,21,5,3,basic,no,indoor,196171167
merchandise,kombinasi,3.3,3.36,1.25,13.86,medium,51,7,3,basic,no,indoor,842588155
merchandise,kayu,1.57,3.75,1.34,7.89,low,49,2,4,premium,no,indoor,197325799
backdrop,kayu,5.36,3.86,3.36,69.52,low,46,6,3,premium,yes,outdoor,1537102263
signage,kayu,2.24,1.26,2.17,6.12,high,58,4,2,premium,yes,outdoor,285305393
signage,besi,1.9,1.83,1.47,5.11,high,9,4,5,premium,yes,outdoor,66779404
booth,kombinasi,3.31,2.76,2.89,26.4,medium,16,7,4,basic,yes,indoor,454294212
merchandise,besi,1.02,3.1,0.61,1.93,medium,63,7,5,premium,no,outdoor,118825267
merchandise,kayu,3.37,3.96,1.15,15.35,medium,68,7,5,premium,no,outdoor,727062660
signage,acrylic,4.01,3.77,3.43,51.85,medium,30,4,1,premium,yes,indoor,1169332129
booth,besi,5.79,4.26,2.59,63.88,medium,58,3,1,basic,no,outdoor,3353666005
backdrop,besi,4.43,3.47,1.34,20.6,high,64,6,5,basic,yes,outdoor,1488046311
backdrop,kayu,2.38,0.91,0.78,1.69,low,62,5,5,premium,no,outdoor,59564203
backdrop,kombinasi,4.94,2.06,1.89,19.23,medium,10,7,5,premium,no,outdoor,226250459
backdrop,kombinasi,5.21,3.46,0.99,17.85,low,2,2,4,premium,no,indoor,29387030
merchandise,kombinasi,4.22,3.08,0.89,11.57,high,43,6,4,basic,yes,indoor,647976093
booth,kayu,1.68,2.2,0.62,2.29,medium,87,2,2,premium,yes,outdoor,137745094
backdrop,besi,2.37,1.67,1.99,7.88,medium,75,6,4,basic,yes,indoor,523368436
booth,kombinasi,4.94,4.96,1.74,42.63,low,96,7,5,premium,yes,indoor,3191516725
booth,acrylic,4.65,0.96,3.21,14.33,medium,89,7,5,basic,yes,indoor,985154002
merchandise,besi,4.22,2.67,1.98,22.31,low,69,4,4,basic,no,indoor,1134472904
booth,kombinasi,5.7,4.02,0.84,19.25,high,58,7,2,basic,yes,indoor,1664110088
signage,kombinasi,4.28,4.27,3.1,56.65,high,46,6,2,basic,no,indoor,3620746304
backdrop,besi,0.95,0.88,3.46,2.89,low,65,7,4,basic,yes,indoor,133616361
booth,kombinasi,3.57,2.41,3.22,27.7,low,67,6,5,premium,no,outdoor,1476294494
backdrop,kombinasi,1.15,1.03,2.45,2.9,medium,77,5,1,basic,no,indoor,234854253
booth,besi,4.91,4.9,2.17,52.21,low,80,7,5,basic,no,indoor,2807545038
merchandise,acrylic,4.32,0.84,1.0,3.63,low,15,2,5,premium,no,indoor,35969379
merchandise,kayu,2.03,1.35,1.89,5.18,low,50,5,4,basic,yes,outdoor,141590086
merchandise,acrylic,4.34,2.91,1.43,18.06,high,92,6,5,premium,yes,indoor,1698706871
booth,acrylic,5.56,0.87,3.13,15.14,medium,5,2,1,premium,no,indoor,63511865
booth,acrylic,3.77,2.21,3.41,28.41,high,77,2,2,basic,yes,indoor,2223090889
backdrop,kombinasi,4.97,5.0,3.49,86.73,medium,53,6,2,premium,yes,indoor,4773647476
booth,besi,1.63,1.63,1.32,3.51,low,65,2,2,premium,yes,outdoor,162991666
backdrop,besi,5.07,1.88,2.95,28.12,high,94,7,3,basic,yes,outdoor,3087982483
signage,acrylic,2.81,4.03,2.42,27.4,high,38,5,2,premium,no,outdoor,1111939954
signage,acrylic,4.5,2.96,1.85,24.64,high,30,3,3,basic,yes,indoor,837545539
merchandise,besi,5.6,2.71,1.27,19.27,medium,34,7,5,premium,yes,outdoor,568871154
signage,acrylic,1.21,1.08,0.96,1.25,low,8,5,4,premium,yes,indoor,12918545
merchandise,acrylic,3.33,4.88,2.31,37.54,low,21,6,2,premium,no,indoor,478116351
booth,kayu,2.46,4.52,0.89,9.9,low,27,2,2,basic,yes,indoor,132628469
backdrop,acrylic,3.31,1.21,1.63,6.53,low,36,2,1,basic,yes,outdoor,139036372
backdrop,besi,3.9,2.16,1.89,15.92,medium,14,4,3,basic,yes,indoor,195125743
signage,besi,4.62,0.64,3.1,9.17,low,15,2,5,premium,no,indoor,94490095
backdrop,besi,1.16,4.51,2.28,11.93,medium,67,2,5,premium,yes,outdoor,709232050
signage,besi,3.73,3.85,1.79,25.71,low,41,6,4,premium,no,outdoor,743759239
backdrop,kayu,5.64,0.53,1.18,3.53,low,4,7,3,premium,no,outdoor,11714959
signage,kombinasi,5.43,0.86,2.07,9.67,medium,36,7,2,premium,no,indoor,371997235
booth,besi,1.44,3.51,3.29,16.63,medium,8,3,3,basic,no,indoor,125753351
backdrop,besi,2.28,2.41,2.02,11.1,low,47,2,2,premium,no,outdoor,346558840
merchandise,kayu,3.43,0.73,1.51,3.78,low,23,3,4,premium,yes,outdoor,49017535
backdrop,kombinasi,1.9,3.57,2.78,18.86,medium,24,7,3,premium,yes,indoor,490279692
backdrop,besi,5.63,4.96,1.12,31.28,low,1,7,4,premium,yes,outdoor,30961575
signage,kayu,4.63,4.1,2.98,56.57,low,83,4,2,premium,no,indoor,2318995909
merchandise,kombinasi,2.92,2.2,1.89,12.14,low,23,2,1,basic,yes,indoor,235949767
signage,besi,3.49,4.58,2.37,37.88,low,6,4,3,premium,no,outdoor,176898131
signage,kombinasi,5.99,3.89,2.62,61.05,medium,33,7,4,premium,no,outdoor,2101064104
booth,acrylic,4.65,0.96,2.11,9.42,low,88,5,5,premium,yes,indoor,523985269
backdrop,acrylic,4.03,3.62,2.13,31.07,low,69,5,3,premium,no,outdoor,1231281542
backdrop,besi,2.7,2.58,3.34,23.27,low,13,7,2,basic,yes,indoor,223007056
merchandise,kombinasi,5.55,4.06,0.57,12.84,medium,92,3,1,premium,yes,indoor,1328990908
backdrop,kombinasi,5.12,4.6,0.87,20.49,low,90,7,4,premium,yes,indoor,1391785409
signage,kombinasi,3.84,2.21,2.73,23.17,low,57,6,2,basic,yes,indoor,1002161295
merchandise,kayu,5.25,4.65,1.9,46.38,medium,91,2,3,basic,no,indoor,2711851551
signage,kombinasi,2.8,4.62,1.59,20.57,medium,22,3,4,premium,yes,indoor,470506984
signage,kayu,5.79,1.17,1.74,11.79,low,61,2,1,premium,yes,outdoor,348311590
signage,besi,1.63,1.36,0.61,1.35,medium,40,4,2,basic,no,indoor,53618746
signage,besi,3.38,2.48,1.7,14.25,medium,63,5,1,premium,yes,indoor,815346243
backdrop,acrylic,4.04,2.34,0.58,5.48,low,50,6,1,basic,yes,indoor,171509474
merchandise,acrylic,4.2,0.59,0.81,2.01,medium,67,4,1,premium,yes,outdoor,108018829
backdrop,kombinasi,5.21,4.24,1.69,37.33,medium,85,7,2,basic,no,indoor,3242336692
booth,acrylic,5.16,1.05,3.13,16.96,medium,82,3,1,basic,yes,outdoor,1142143607
signage,acrylic,0.69,4.24,1.54,4.51,medium,9,3,5,premium,yes,outdoor,37825512
backdrop,besi,4.79,1.01,2.2,10.64,high,87,2,2,basic,yes,outdoor,1153542763
booth,acrylic,1.7,3.4,1.77,10.23,low,29,6,2,basic,yes,indoor,191516656
backdrop,besi,3.41,4.17,1.99,28.3,low,37,2,2,premium,yes,indoor,795927507
booth,kayu,1.46,4.61,1.76,11.85,low,46,3,4,premium,yes,indoor,299236686
signage,kayu,3.82,1.6,1.67,10.21,low,36,2,3,basic,no,indoor,184295748
merchandise,besi,1.24,2.68,1.31,4.35,medium,83,4,4,basic,yes,outdoor,343954898
signage,kayu,1.35,3.3,1.92,8.55,low,40,2,1,basic,yes,indoor,164733149
signage,acrylic,0.93,0.51,3.4,1.61,low,12,4,5,premium,yes,indoor,20175214
booth,kayu,4.85,3.61,2.06,36.07,low,80,4,5,basic,yes,indoor,1508688472
booth,besi,3.19,1.5,3.46,16.56,high,47,3,1,basic,no,indoor,949378381
backdrop,besi,2.22,1.04,2.69,6.21,low,72,3,3,basic,yes,outdoor,337738071
signage,kayu,4.08,2.14,2.18,19.03,medium,3,6,3,premium,no,indoor,37806486
signage,kombinasi,3.65,4.12,2.12,31.88,medium,13,3,1,premium,yes,outdoor,430303321
signage,besi,5.95,0.5,1.06,3.15,low,96,4,3,basic,no,outdoor,225264555
booth,besi,0.99,0.67,1.94,1.29,medium,10,7,1,basic,yes,outdoor,14832318
signage,kayu,2.45,1.79,1.39,6.1,low,25,2,5,premium,yes,indoor,83954393
signage,kayu,2.65,1.06,3.37,9.47,medium,43,5,3,premium,yes,outdoor,287699558
booth,besi,1.77,1.29,1.16,2.65,low,3,7,5,basic,no,indoor,14123989
signage,kayu,3.35,3.19,2.08,22.23,low,35,3,2,premium,yes,outdoor,391014508
booth,kombinasi,4.61,0.66,3.18,9.68,high,11,2,3,basic,no,indoor,154684784
booth,acrylic,5.76,4.38,2.93,73.92,medium,5,4,3,premium,no,outdoor,273126283
booth,kombinasi,3.23,0.86,1.16,3.22,medium,69,6,1,premium,no,indoor,226004223
merchandise,besi,3.76,4.21,1.54,24.38,medium,91,6,5,basic,no,outdoor,2087231233
booth,acrylic,5.27,3.69,3.01,58.53,medium,42,5,3,premium,no,indoor,2029910880
booth,acrylic,5.79,2.59,3.14,47.09,low,32,4,5,premium,yes,indoor,873712237
backdrop,kombinasi,0.96,1.97,2.18,4.12,low,98,5,5,basic,no,outdoor,342671015
signage,besi,0.6,2.45,3.02,4.44,low,79,7,5,basic,no,outdoor,259593621
merchandise,acrylic,1.42,3.97,2.63,14.83,medium,22,3,3,premium,no,outdoor,250689944
merchandise,acrylic,5.83,3.87,0.89,20.08,medium,7,6,3,basic,no,indoor,123965964
backdrop,acrylic,2.95,1.73,3.49,17.81,medium,13,2,5,basic,yes,outdoor,184534738
merchandise,besi,4.75,1.54,0.89,6.51,high,56,5,5,basic,yes,outdoor,437231458
signage,kayu,2.26,3.76,2.74,23.28,low,25,5,2,basic,no,outdoor,316234649
signage,kombinasi,1.38,1.42,0.77,1.51,low,27,7,2,premium,yes,indoor,36683780
merchandise,kombinasi,5.82,1.33,1.89,14.63,low,71,2,4,premium,no,indoor,873170161
backdrop,kombinasi,3.2,0.79,2.25,5.69,low,88,4,5,basic,no,indoor,401571386
backdrop,acrylic,3.8,1.81,2.58,17.75,high,41,4,3,premium,yes,indoor,724807162
merchandise,kayu,3.64,0.58,1.95,4.12,low,33,3,2,premium,yes,outdoor,75346938
backdrop,kayu,5.03,2.11,1.47,15.6,high,90,7,2,premium,yes,outdoor,1207916180
backdrop,acrylic,4.19,4.78,0.87,17.42,high,9,7,1,basic,yes,outdoor,167911397
merchandise,besi,3.94,4.03,2.34,37.15,medium,75,5,4,premium,no,outdoor,2520779501
backdrop,acrylic,4.04,2.87,2.69,31.19,low,12,5,5,basic,yes,indoor,219149786
signage,kayu,4.12,2.74,2.17,24.5,medium,22,6,1,basic,yes,outdoor,344495126
backdrop,acrylic,4.24,0.82,0.59,2.05,low,76,2,5,basic,no,indoor,97820627
merchandise,kombinasi,4.72,2.77,2.13,27.85,medium,36,3,5,premium,no,outdoor,1102624783
backdrop,acrylic,5.45,2.4,1.33,17.4,medium,12,4,5,premium,no,indoor,164696279
merchandise,kombinasi,5.5,1.31,1.21,8.72,high,37,6,5,basic,no,outdoor,458742820
merchandise,kayu,2.95,2.82,1.58,13.14,medium,70,2,3,basic,yes,outdoor,625654496
signage,kayu,4.75,1.09,3.41,17.66,medium,11,3,3,premium,no,outdoor,122426701
backdrop,kayu,2.35,4.23,1.79,17.79,low,43,5,1,basic,no,outdoor,400248281
booth,kayu,5.14,4.13,2.26,47.98,high,61,5,2,premium,no,indoor,2646141321
signage,kayu,5.65,0.68,0.87,3.34,medium,59,6,1,basic,yes,outdoor,125801359
backdrop,kombinasi,4.27,0.58,1.47,3.64,high,39,4,2,basic,no,outdoor,212523348
merchandise,acrylic,0.66,1.89,2.61,3.26,low,8,3,5,basic,yes,outdoor,19686170
signage,besi,1.9,3.48,3.44,22.75,low,30,3,2,basic,no,outdoor,465214254
signage,kombinasi,4.73,1.01,2.89,13.81,high,1,4,5,premium,yes,indoor,30283005
backdrop,kombinasi,0.77,4.9,1.72,6.49,high,73,6,5,basic,yes,indoor,632296326
merchandise,besi,2.72,1.97,2.5,13.4,high,82,6,1,basic,yes,indoor,1302317138
backdrop,acrylic,0.53,1.96,1.6,1.66,low,21,4,4,basic,yes,indoor,25776838
booth,kombinasi,2.55,1.52,0.72,2.79,medium,78,3,2,premium,yes,indoor,238327678
backdrop,besi,5.53,4.16,0.83,19.09,low,48,6,4,premium,yes,indoor,650618321
merchandise,acrylic,4.97,3.73,3.37,62.47,low,23,4,5,premium,yes,indoor,817048574
merchandise,kayu,3.14,1.38,1.0,4.33,medium,52,7,3,basic,yes,outdoor,165532576
signage,kombinasi,2.21,3.25,2.65,19.03,low,4,3,1,premium,yes,indoor,60894755
booth,acrylic,4.4,0.98,2.2,9.49,low,36,5,4,premium,yes,outdoor,217310778
booth,kombinasi,0.74,3.35,3.35,8.3,medium,21,7,4,basic,no,indoor,179180044
booth,kayu,5.48,3.96,2.17,47.09,low,68,3,3,premium,no,indoor,1642668404
backdrop,kayu,1.03,3.31,1.86,6.34,medium,47,2,3,premium,no,indoor,195370091
merchandise,kayu,4.03,3.23,2.14,27.86,low,78,6,5,basic,no,indoor,1085945039
backdrop,kombinasi,1.25,3.63,1.71,7.76,medium,39,2,1,basic,yes,outdoor,326240115
signage,kayu,0.94,0.89,3.18,2.66,low,8,2,3,premium,yes,indoor,15507560
merchandise,kayu,3.35,0.8,2.9,7.77,low,21,7,2,basic,no,outdoor,79908178
backdrop,besi,5.97,3.48,2.17,45.08,medium,30,5,4,premium,no,indoor,1161492562
booth,kayu,4.3,1.4,2.11,12.7,low,55,5,1,premium,no,outdoor,342359873
merchandise,besi,5.96,4.67,2.12,59.01,high,21,5,2,premium,yes,outdoor,1378018723
booth,kayu,5.04,4.02,2.63,53.29,low,97,3,5,premium,yes,indoor,2432029933
booth,acrylic,5.04,1.76,3.33,29.54,high,6,4,3,basic,no,outdoor,179041306
booth,kombinasi,1.65,4.69,0.85,6.58,high,35,7,2,premium,no,outdoor,314726467
backdrop,kayu,2.27,0.6,0.96,1.31,low,78,5,2,premium,no,indoor,53361448
backdrop,kayu,3.14,1.91,2.32,13.91,low,80,7,5,premium,yes,indoor,535762608
booth,besi,0.87,0.62,0.91,0.49,high,60,5,4,basic,yes,outdoor,43659377
merchandise,besi,2.03,4.33,0.5,4.39,low,2,5,3,basic,yes,indoor,10532384
backdrop,besi,5.97,0.76,2.59,11.75,high,83,2,3,basic,yes,outdoor,1251982546
backdrop,besi,1.06,3.61,0.69,2.64,medium,40,2,5,basic,no,outdoor,101783137
backdrop,acrylic,4.48,4.06,1.71,31.1,medium,99,4,4,premium,no,indoor,2283910392
booth,kayu,4.73,0.55,1.75,4.55,medium,79,6,2,basic,no,outdoor,219856895
booth,besi,1.83,4.89,2.9,25.95,high,36,2,3,basic,no,indoor,1124806538
signage,kayu,5.14,0.94,1.96,9.47,low,52,5,2,premium,yes,indoor,263405219
backdrop,kayu,5.76,1.1,0.81,5.13,medium,41,2,2,premium,no,indoor,141947122
booth,besi,5.62,1.64,2.84,26.18,high,34,4,1,basic,yes,outdoor,1116887851
booth,kombinasi,5.94,2.49,0.64,9.47,low,87,4,1,basic,yes,outdoor,657095787
signage,kombinasi,0.7,2.79,1.66,3.24,medium,100,4,4,basic,yes,indoor,332591100
backdrop,kayu,3.52,4.24,0.71,10.6,medium,96,5,1,basic,no,outdoor,703012025
merchandise,kayu,5.87,3.5,0.53,10.89,low,68,7,1,basic,yes,outdoor,391112715
backdrop,kayu,1.19,2.63,0.84,2.63,medium,32,5,2,basic,no,indoor,57800827
booth,kombinasi,3.79,0.93,1.63,5.75,medium,89,3,4,premium,no,indoor,536057435
booth,kombinasi,5.96,3.52,1.45,30.42,high,12,2,2,basic,yes,outdoor,551476236
booth,besi,5.13,3.78,2.83,54.88,medium,75,7,3,basic,no,outdoor,3826644864
signage,besi,1.67,2.78,3.02,14.02,medium,43,6,5,basic,no,indoor,538910597
signage,besi,3.61,3.6,3.12,40.55,medium,8,3,2,premium,no,indoor,306766315
merchandise,kombinasi,1.57,4.46,2.47,17.3,low,21,7,3,basic,no,indoor,300384838
merchandise,kayu,3.46,2.86,3.04,30.08,high,12,2,1,premium,yes,indoor,329303018
signage,acrylic,3.09,2.76,0.87,7.42,low,4,5,2,premium,no,indoor,22143308
backdrop,kayu,4.15,0.51,1.04,2.2,low,46,5,4,basic,yes,outdoor,58850260
booth,besi,4.48,0.97,1.18,5.13,medium,24,3,2,basic,yes,outdoor,114070855
merchandise,acrylic,3.24,0.85,0.68,1.87,low,30,3,5,basic,no,outdoor,32878977
backdrop,acrylic,4.55,1.56,1.61,11.43,low,92,4,3,basic,no,outdoor,645548579
booth,kayu,2.82,3.36,2.86,27.1,low,70,7,4,basic,yes,indoor,972617653
signage,kayu,4.35,3.14,2.26,30.87,medium,51,6,3,premium,yes,outdoor,1033780346
backdrop,acrylic,2.57,2.58,1.94,12.86,medium,64,6,4,premium,no,outdoor,653408935
merchandise,besi,0.82,1.51,0.89,1.1,low,84,2,4,basic,no,outdoor,67267365
merchandise,besi,2.05,1.68,1.24,4.27,high,10,7,2,basic,yes,outdoor,58060903
merchandise,acrylic,0.84,4.58,0.92,3.54,medium,33,4,2,premium,no,indoor,91594755
merchandise,kombinasi,3.58,4.72,0.66,11.15,medium,14,2,5,premium,yes,outdoor,171944726
booth,kombinasi,2.36,1.89,3.34,14.9,high,61,2,1,premium,yes,outdoor,1197394806
signage,besi,0.99,3.58,2.14,7.58,high,61,3,4,premium,yes,indoor,565245633
backdrop,besi,1.74,4.31,1.79,13.42,low,22,2,2,premium,no,outdoor,223902151
merchandise,acrylic,4.08,2.95,0.69,8.3,medium,60,4,2,basic,no,indoor,378877778
signage,kayu,1.41,1.99,2.77,7.77,medium,85,7,4,premium,no,indoor,451732490
booth,kayu,3.58,3.88,2.17,30.14,medium,3,5,1,premium,no,indoor,62949477
booth,acrylic,2.59,3.99,3.39,35.03,low,74,5,4,basic,no,indoor,1501198613
booth,kombinasi,4.89,2.28,3.25,36.23,medium,42,5,4,premium,no,outdoor,1655950592
signage,acrylic,2.02,4.93,0.92,9.16,low,8,6,4,premium,yes,indoor,50171491
merchandise,besi,3.88,0.88,3.15,10.76,high,46,2,5,basic,yes,indoor,567509841
merchandise,besi,5.89,3.45,0.89,18.09,medium,3,2,4,basic,no,outdoor,55174180
backdrop,besi,2.58,4.88,1.51,19.01,low,50,7,3,premium,no,indoor,715242503
merchandise,kayu,2.47,2.72,2.98,20.02,low,90,6,4,premium,no,outdoor,901844411
booth,kayu,2.81,4.57,2.72,34.93,low,75,2,1,basic,no,indoor,1279512860
booth,kombinasi,4.57,0.98,1.44,6.45,low,47,7,1,premium,no,indoor,253598011
merchandise,acrylic,2.04,3.39,2.58,17.84,medium,38,6,3,basic,yes,indoor,549165108
merchandise,kayu,4.71,4.05,2.49,47.5,low,97,7,3,basic,yes,indoor,2330186757
signage,besi,2.96,2.57,3.09,23.51,medium,35,4,3,premium,yes,indoor,739847840
backdrop,acrylic,1.2,3.68,3.42,15.1,high,19,2,4,premium,yes,indoor,298598452
backdrop,acrylic,3.58,3.33,2.1,25.03,medium,14,7,5,basic,no,outdoor,259013104
backdrop,acrylic,0.91,1.52,2.69,3.72,medium,68,5,2,basic,yes,outdoor,207190930
backdrop,kayu,5.94,3.32,2.09,41.22,high,48,7,4,basic,yes,outdoor,1723775652
booth,kayu,1.89,1.49,1.97,5.55,medium,73,6,1,premium,yes,indoor,286836814
backdrop,kombinasi,5.76,0.61,2.58,9.07,low,54,5,1,basic,no,outdoor,434725331
signage,besi,3.75,3.66,1.21,16.61,medium,28,5,4,basic,yes,outdoor,406421382
merchandise,besi,1.99,2.63,3.45,18.06,low,38,7,1,premium,yes,indoor,469482133
merchandise,acrylic,2.02,4.87,1.49,14.66,medium,40,7,3,premium,yes,outdoor,465238853
merchandise,kayu,3.34,0.52,0.52,0.9,low,43,5,4,basic,no,indoor,24230615
backdrop,besi,2.11,4.69,1.69,16.72,low,41,2,5,basic,yes,indoor,515760274
signage,kayu,0.66,3.54,0.63,1.47,medium,46,6,1,premium,no,indoor,49435916
booth,kayu,3.84,1.89,2.97,21.56,high,69,2,3,premium,yes,outdoor,1259253012
booth,acrylic,0.83,3.22,2.56,6.84,low,94,2,4,premium,yes,indoor,411943663
booth,kayu,2.72,1.94,2.75,14.51,medium,29,2,2,premium,yes,indoor,308349358
booth,besi,3.26,1.12,0.85,3.1,low,3,5,3,basic,no,indoor,10039204
merchandise,besi,0.56,2.4,1.39,1.87,medium,45,3,5,basic,no,indoor,78105413
signage,acrylic,3.07,4.18,0.7,8.98,low,18,5,3,basic,yes,indoor,106561154
merchandise,kombinasi,4.89,4.2,3.07,63.05,high,63,4,2,basic,yes,outdoor,5226078615
merchandise,kombinasi,4.29,2.19,1.0,9.4,medium,68,6,1,basic,yes,outdoor,675884784
backdrop,kombinasi,0.54,2.24,2.88,3.48,medium,38,6,2,premium,no,outdoor,127513132
merchandise,besi,3.0,3.6,0.92,9.94,medium,88,4,3,basic,yes,outdoor,796487594
signage,kombinasi,2.78,2.28,1.44,9.13,low,30,3,5,premium,yes,indoor,222853392
backdrop,kombinasi,2.23,4.5,2.31,23.18,high,29,6,3,basic,no,outdoor,1042460277
booth,besi,1.86,4.27,1.57,12.47,high,51,3,1,basic,no,indoor,690180976
merchandise,kayu,5.82,3.01,1.54,26.98,medium,24,6,3,basic,yes,outdoor,373430826
booth,acrylic,5.34,3.31,2.21,39.06,medium,37,6,4,basic,yes,indoor,1119224259
merchandise,besi,1.75,4.84,3.23,27.36,medium,45,5,5,premium,yes,indoor,1145349582
merchandise,kayu,5.32,4.75,0.95,24.01,medium,48,5,4,premium,no,outdoor,743284836
signage,acrylic,2.56,1.79,1.11,5.09,medium,15,4,3,premium,yes,indoor,69403921
backdrop,acrylic,2.74,4.22,2.79,32.26,medium,35,2,4,basic,yes,indoor,894603285
booth,kayu,5.41,0.78,3.15,13.29,medium,13,7,5,basic,yes,outdoor,137164171
booth,kombinasi,5.01,2.0,2.7,27.05,medium,94,4,3,premium,no,outdoor,2710425347
booth,kombinasi,2.12,0.56,2.71,3.22,high,1,6,5,premium,no,indoor,17528931
booth,kombinasi,4.35,0.97,1.7,7.17,medium,78,5,3,basic,no,indoor,600423478
backdrop,kombinasi,3.67,3.64,0.52,6.95,low,16,3,1,basic,no,outdoor,89445577
backdrop,besi,4.41,3.5,1.13,17.44,high,67,7,3,premium,yes,indoor,1288480653
booth,acrylic,1.74,3.38,3.44,20.23,medium,53,4,1,basic,no,indoor,838331902
backdrop,besi,3.72,3.31,0.72,8.87,medium,14,3,4,premium,no,indoor,123999389
merchandise,acrylic,3.54,2.84,0.93,9.35,medium,82,5,2,premium,no,outdoor,573522959
booth,acrylic,1.07,1.35,2.85,4.12,medium,86,7,1,basic,no,outdoor,291887641
merchandise,kayu,2.37,4.73,0.75,8.41,high,65,4,3,basic,yes,outdoor,495492789
signage,acrylic,2.89,4.59,1.63,21.62,high,37,2,2,basic,no,indoor,790997698
booth,kombinasi,3.98,3.67,0.51,7.45,low,21,4,5,basic,yes,outdoor,123765156
booth,kombinasi,4.8,3.4,0.64,10.44,low,48,5,1,basic,yes,outdoor,424745421
backdrop,kombinasi,2.53,2.16,0.66,3.61,medium,82,6,5,premium,yes,outdoor,328832228
signage,besi,5.34,1.47,2.53,19.86,medium,34,2,4,premium,yes,outdoor,584506052
backdrop,kombinasi,0.79,3.57,1.9,5.36,medium,21,5,3,basic,yes,indoor,126073712
booth,kombinasi,1.05,3.6,1.23,4.65,high,2,7,1,premium,no,outdoor,18096306
signage,kayu,4.55,1.99,3.22,29.16,low,29,4,1,premium,no,outdoor,455130847
signage,kombinasi,1.97,1.49,0.89,2.61,high,53,3,3,basic,no,indoor,186748983
backdrop,kayu,1.96,0.58,1.38,1.57,medium,58,5,1,premium,no,outdoor,68315639
booth,acrylic,5.34,3.54,2.14,40.45,high,87,2,5,premium,yes,outdoor,3738608535
merchandise,acrylic,4.41,4.72,2.31,48.08,medium,87,5,2,premium,no,outdoor,3270670878
signage,kombinasi,0.92,2.15,1.18,2.33,low,57,3,1,premium,yes,indoor,110609334
signage,acrylic,5.9,2.87,3.22,54.52,low,75,4,1,basic,yes,outdoor,2608344278
booth,acrylic,0.83,3.6,2.57,7.68,high,84,5,1,basic,no,outdoor,630885840
booth,besi,2.16,3.92,1.56,13.21,high,46,6,2,premium,no,outdoor,709177519
backdrop,besi,2.95,1.44,0.65,2.76,high,75,6,2,basic,yes,outdoor,251909790
merchandise,besi,1.1,3.36,1.99,7.36,medium,59,3,1,premium,yes,indoor,439592445
signage,besi,3.92,4.92,1.07,20.64,medium,59,6,2,basic,yes,indoor,1037355181
booth,kombinasi,5.88,3.91,0.99,22.76,medium,96,5,1,basic,yes,indoor,2302023201
backdrop,kayu,3.24,0.55,0.53,0.94,low,28,3,3,basic,no,outdoor,14529978
merchandise,kombinasi,5.16,3.78,0.79,15.41,medium,93,4,4,basic,yes,outdoor,1758155652
signage,kayu,3.99,0.91,0.6,2.18,low,91,3,1,premium,yes,outdoor,94805410
booth,kombinasi,3.66,2.37,3.04,26.37,high,26,6,4,premium,yes,outdoor,967868144
booth,besi,5.76,1.17,2.54,17.12,low,68,6,3,premium,yes,indoor,848003771
signage,kombinasi,4.67,1.77,1.56,12.89,high,71,3,5,basic,no,outdoor,1161895959
merchandise,kayu,2.13,3.17,0.6,4.05,medium,91,5,2,basic,yes,indoor,246715128
booth,acrylic,1.02,4.22,0.64,2.75,medium,93,3,4,basic,no,indoor,197111702
merchandise,acrylic,5.62,2.26,2.14,27.18,medium,60,7,5,basic,no,outdoor,1278645856
signage,acrylic,2.17,1.87,1.19,4.83,low,47,5,4,premium,no,indoor,150331456
booth,kayu,2.82,1.86,1.48,7.76,medium,27,4,1,premium,no,indoor,144888163
signage,besi,2.73,1.49,2.79,11.35,medium,72,2,3,basic,yes,outdoor,716138174
signage,besi,3.71,4.78,0.63,11.17,low,68,5,1,basic,yes,indoor,548148142
backdrop,kayu,3.33,2.79,1.61,14.96,high,88,3,3,premium,yes,indoor,1187559523
backdrop,kayu,2.01,4.13,1.09,9.05,low,6,5,4,basic,yes,indoor,34158694
signage,kayu,4.5,3.03,3.34,45.54,medium,67,3,4,premium,no,outdoor,1948654586
backdrop,besi,3.89,4.29,0.79,13.18,medium,29,4,1,basic,yes,outdoor,356069738
signage,kayu,3.28,3.73,3.09,37.8,low,64,7,3,basic,no,outdoor,1185227383
signage,besi,5.29,3.53,2.89,53.97,low,56,4,2,premium,yes,indoor,2028281675
signage,besi,1.86,1.23,1.06,2.43,low,53,4,5,basic,no,indoor,94121772
merchandise,besi,3.83,1.61,1.57,9.68,low,19,7,5,basic,no,outdoor,141032661
signage,acrylic,5.69,3.39,2.51,48.42,medium,14,4,5,premium,no,indoor,547270080
booth,kayu,0.56,2.53,3.43,4.86,low,58,6,4,premium,yes,indoor,146994091
backdrop,besi,3.7,1.42,2.06,10.82,low,3,3,2,basic,yes,outdoor,26440359
backdrop,besi,1.29,3.18,1.02,4.18,high,20,4,1,premium,no,outdoor,114306578
signage,kombinasi,1.01,2.99,2.42,7.31,medium,6,4,2,basic,yes,outdoor,45734954
merchandise,acrylic,3.79,4.4,3.34,55.7,low,10,6,3,premium,yes,outdoor,356056951
booth,acrylic,4.75,3.31,1.62,25.47,low,65,2,5,premium,yes,indoor,1032820113
backdrop,kombinasi,4.49,3.28,2.72,40.06,low,38,2,2,premium,yes,outdoor,1225213654
backdrop,acrylic,5.4,0.88,2.92,13.88,high,4,6,3,basic,yes,outdoor,71717279
backdrop,kombinasi,1.62,3.44,2.96,16.5,low,52,2,1,premium,yes,indoor,707903526
merchandise,besi,0.84,2.57,2.7,5.83,medium,75,3,2,premium,no,indoor,373300554
backdrop,besi,4.59,3.82,2.06,36.12,low,81,2,5,premium,yes,indoor,2073724303
signage,kayu,5.26,4.62,3.08,74.85,low,59,6,2,basic,no,indoor,2327567071
merchandise,kombinasi,3.44,1.15,2.85,11.27,medium,63,7,3,premium,yes,indoor,763410686
merchandise,besi,3.26,0.75,1.97,4.82,high,79,2,3,premium,no,outdoor,474591782
booth,kombinasi,3.34,4.04,3.33,44.93,medium,67,6,4,basic,yes,outdoor,3114018207
booth,kayu,2.2,1.62,2.05,7.31,medium,21,6,2,premium,no,indoor,102268223
signage,kombinasi,4.82,3.34,1.62,26.08,low,80,2,1,basic,yes,indoor,1718595131
backdrop,acrylic,5.06,2.07,2.06,21.58,medium,87,2,4,basic,no,indoor,1451537730
booth,kayu,3.03,2.35,2.67,19.01,low,23,6,1,basic,no,indoor,219903298
backdrop,kayu,4.53,2.82,0.98,12.52,low,81,7,3,premium,no,indoor,494567791
merchandise,acrylic,1.72,2.84,2.32,11.33,low,47,7,3,premium,yes,outdoor,305679407
merchandise,kombinasi,3.89,3.01,1.75,20.49,medium,19,4,2,premium,yes,outdoor,410221537
signage,kayu,5.29,3.34,2.1,37.1,low,49,6,5,basic,yes,outdoor,857010490
merchandise,besi,3.32,1.01,2.79,9.36,medium,58,2,5,basic,yes,outdoor,563903345
booth,acrylic,4.29,1.64,0.53,3.73,medium,56,2,5,basic,no,outdoor,156937266
booth,acrylic,1.2,1.78,2.09,4.46,medium,19,3,1,basic,yes,indoor,68700511
booth,kombinasi,0.59,1.76,1.12,1.16,low,6,5,1,premium,no,indoor,7987934
merchandise,kombinasi,4.07,0.83,1.63,5.51,high,79,5,5,basic,no,indoor,578769771
backdrop,kombinasi,3.85,3.68,1.62,22.95,low,75,3,3,premium,yes,outdoor,1374834658
signage,besi,4.14,2.68,0.52,5.77,high,61,2,4,premium,yes,outdoor,451502653
backdrop,acrylic,4.23,3.91,0.54,8.93,low,44,6,3,basic,no,indoor,272832935
signage,kombinasi,2.65,1.21,1.27,4.07,medium,21,3,4,premium,yes,indoor,90340950
backdrop,kayu,4.44,1.72,1.11,8.48,low,40,6,3,premium,no,outdoor,178175892
merchandise,besi,3.29,1.35,0.73,3.24,medium,12,4,2,basic,no,outdoor,36857269
backdrop,kayu,1.95,4.73,2.41,22.23,low,45,5,5,premium,no,indoor,528323328
signage,kombinasi,5.03,0.78,2.83,11.1,high,96,7,4,premium,yes,outdoor,1389210930
booth,kayu,1.93,0.65,3.14,3.94,low,5,5,2,premium,no,indoor,12039947
merchandise,besi,5.38,1.96,3.2,33.74,high,18,3,3,basic,no,indoor,754115719
backdrop,acrylic,5.99,1.59,0.62,5.9,medium,35,5,3,basic,yes,indoor,172031664
backdrop,acrylic,0.58,0.86,1.44,0.72,low,31,7,2,basic,no,outdoor,17586199
merchandise,kayu,5.25,3.14,2.24,36.93,high,19,4,2,premium,yes,indoor,664333321
booth,kombinasi,3.63,4.41,1.64,26.25,low,28,6,3,basic,yes,indoor,611649440
booth,besi,0.79,2.55,2.52,5.08,medium,82,4,5,premium,yes,indoor,404671827
booth,acrylic,4.33,3.42,1.33,19.7,low,64,5,1,basic,no,outdoor,761507634
booth,kayu,5.72,0.77,2.56,11.28,low,59,4,4,premium,no,outdoor,328444536
backdrop,besi,3.45,2.7,1.71,15.93,low,37,2,2,premium,no,outdoor,406188571
signage,besi,4.36,0.8,1.19,4.15,high,84,5,3,basic,no,indoor,426023006
signage,acrylic,4.26,2.19,2.9,27.06,high,73,4,3,premium,yes,outdoor,2110855288
booth,kombinasi,5.67,3.99,0.88,19.91,low,53,5,1,basic,no,outdoor,913661810
backdrop,kayu,0.97,2.24,0.71,1.54,low,34,4,4,premium,no,outdoor,28251782
merchandise,acrylic,2.29,1.85,1.2,5.08,low,39,5,1,premium,yes,indoor,119540215
merchandise,kombinasi,1.66,4.14,0.94,6.46,low,88,7,2,basic,yes,indoor,490118732
booth,kombinasi,3.69,2.77,0.93,9.51,medium,60,7,1,basic,yes,indoor,605620031
signage,besi,5.02,0.76,1.76,6.71,medium,13,2,2,basic,no,outdoor,76695305
signage,acrylic,1.19,3.03,2.8,10.1,high,90,4,5,premium,yes,outdoor,965867411
booth,acrylic,3.58,3.59,2.47,31.74,low,48,3,4,basic,yes,outdoor,906840529
booth,kayu,1.47,3.05,2.24,10.04,medium,95,7,4,premium,yes,outdoor,621047600
booth,kayu,4.14,1.14,2.21,10.43,low,94,4,4,basic,yes,outdoor,481342814
booth,besi,5.83,3.07,0.93,16.65,low,99,3,3,premium,yes,outdoor,1206401075
booth,acrylic,5.15,4.08,1.03,21.64,medium,41,7,5,premium,no,indoor,755616388
booth,acrylic,3.8,0.74,1.63,4.58,low,36,2,1,basic,yes,indoor,103489368
merchandise,besi,1.8,4.77,3.33,28.59,medium,59,3,3,basic,yes,indoor,1661738874
merchandise,acrylic,3.18,2.43,2.29,17.7,high,96,3,5,premium,no,outdoor,1722923551
booth,acrylic,0.67,1.42,1.52,1.45,medium,15,2,4,premium,no,indoor,21315285
backdrop,kayu,5.19,4.68,3.49,84.77,medium,75,3,1,premium,yes,outdoor,3948436187
booth,kayu,1.11,3.24,1.34,4.82,low,65,4,2,premium,yes,indoor,176120990
booth,kombinasi,3.56,4.35,3.01,46.61,high,86,3,5,basic,no,indoor,5693259762
backdrop,kombinasi,4.76,1.55,1.54,11.36,low,66,4,4,basic,yes,outdoor,569075958
backdrop,besi,5.71,4.48,2.72,69.58,low,43,5,2,basic,no,outdoor,2217100141
merchandise,kayu,4.38,3.3,3.47,50.16,low,99,7,3,premium,yes,outdoor,2613674093
signage,kombinasi,1.52,2.18,3.29,10.9,low,9,5,5,basic,yes,outdoor,82997861
signage,besi,0.53,0.77,3.21,1.31,medium,10,4,3,premium,yes,indoor,17423168
backdrop,acrylic,5.37,4.53,3.23,78.57,low,55,2,1,premium,no,indoor,2821405038
backdrop,kayu,2.86,4.24,0.86,10.43,medium,97,5,5,basic,no,outdoor,678557464
booth,kayu,3.71,2.26,1.57,13.16,low,47,5,3,premium,yes,outdoor,304624003
signage,besi,3.38,3.65,1.73,21.34,medium,52,2,3,basic,no,indoor,975002058
backdrop,kayu,1.74,4.53,2.85,22.46,medium,51,7,3,premium,no,outdoor,742621247
signage,besi,4.84,3.87,2.18,40.83,low,92,3,1,basic,yes,outdoor,2380527260
signage,acrylic,0.79,3.61,1.87,5.33,low,1,2,1,basic,no,outdoor,3921707
backdrop,kayu,4.6,0.84,3.19,12.33,medium,62,2,1,premium,no,indoor,497664213
backdrop,kayu,5.12,1.5,1.64,12.6,high,54,6,3,basic,yes,indoor,562021851
booth,kombinasi,5.63,1.03,3.3,19.14,medium,89,3,2,basic,yes,outdoor,1673277356
merchandise,besi,5.84,3.03,2.64,46.72,low,44,4,3,basic,no,indoor,1419352325
booth,acrylic,2.45,2.98,1.71,12.48,high,24,6,5,basic,yes,indoor,317240995
merchandise,kayu,3.42,2.92,1.33,13.28,low,68,4,4,premium,no,outdoor,468307392
booth,besi,1.43,4.46,2.17,13.84,low,24,4,1,basic,yes,outdoor,237456735
booth,kombinasi,2.72,3.89,2.09,22.11,medium,93,5,2,basic,no,indoor,2215910427
signage,kayu,0.54,4.74,1.21,3.1,low,93,7,2,premium,yes,outdoor,136582557
backdrop,kombinasi,1.68,4.48,2.18,16.41,high,43,2,4,basic,no,indoor,980676542
booth,acrylic,2.4,3.52,2.92,24.67,high,84,7,3,basic,yes,outdoor,2131212200
signage,besi,4.28,1.04,3.32,14.78,low,83,6,5,basic,no,outdoor,850665956
signage,besi,4.77,1.09,2.2,11.44,medium,74,7,2,basic,no,outdoor,816618000
booth,besi,1.38,2.01,0.73,2.02,low,85,6,5,basic,yes,indoor,124073776
merchandise,besi,5.28,4.67,1.76,43.4,low,75,2,3,premium,yes,indoor,2203307256
signage,kombinasi,4.34,2.14,2.2,20.43,low,90,4,3,basic,yes,indoor,1551931357
merchandise,acrylic,1.23,2.81,1.08,3.73,low,13,7,3,basic,yes,indoor,32825117
merchandise,kayu,0.99,1.37,0.65,0.88,medium,30,7,2,basic,yes,outdoor,21773857
merchandise,kayu,2.93,2.0,1.68,9.84,medium,19,6,2,basic,no,indoor,121494438
merchandise,kayu,1.97,2.12,1.73,7.23,medium,69,7,4,premium,yes,indoor,342427233
signage,besi,1.56,3.39,1.28,6.77,high,52,5,1,basic,yes,indoor,441425725
signage,kayu,1.28,2.96,0.82,3.11,low,87,7,3,basic,no,outdoor,142368301
merchandise,kayu,5.94,0.64,1.83,6.96,medium,68,4,2,premium,yes,outdoor,313643158
signage,acrylic,5.92,3.96,1.8,42.2,medium,66,5,1,premium,no,outdoor,2350665993
backdrop,acrylic,5.64,3.6,2.97,60.3,medium,4,3,2,premium,yes,indoor,183758718
backdrop,acrylic,1.89,4.4,0.81,6.74,low,40,3,3,basic,yes,indoor,159472759
merchandise,acrylic,4.22,3.17,2.31,30.9,medium,60,7,4,premium,no,indoor,1453333207
backdrop,kombinasi,2.28,3.48,2.46,19.52,low,80,6,1,premium,no,indoor,1228726255
signage,kayu,5.98,1.33,2.28,18.13,medium,73,5,2,basic,no,outdoor,882218682
signage,kombinasi,4.78,3.53,2.67,45.05,medium,2,2,2,basic,yes,outdoor,98572118
booth,kombinasi,1.41,0.61,1.59,1.37,medium,18,7,2,premium,no,outdoor,31444289
booth,kombinasi,4.5,4.03,3.48,63.11,medium,96,2,5,premium,no,outdoor,6263759785
backdrop,acrylic,1.89,3.9,0.75,5.53,high,21,4,4,premium,yes,indoor,129438692
booth,kayu,3.03,2.75,1.45,12.08,high,87,4,3,basic,yes,indoor,889092527
signage,kayu,3.55,1.17,0.78,3.24,high,13,4,4,basic,yes,indoor,46708961
signage,besi,4.16,4.95,1.18,24.3,low,1,5,4,basic,no,indoor,21753699
signage,acrylic,5.87,2.32,0.76,10.35,low,20,7,3,basic,yes,outdoor,116992225
backdrop,kayu,5.23,3.17,2.58,42.77,low,60,4,5,basic,no,outdoor,1271024713
merchandise,kayu,1.91,4.12,1.78,14.01,high,91,6,3,basic,yes,outdoor,1051150894
signage,kayu,4.88,1.55,1.18,8.93,medium,90,4,2,basic,yes,indoor,554025728
merchandise,kayu,0.97,0.76,0.82,0.6,medium,95,7,3,premium,no,indoor,44550250
signage,kombinasi,2.7,3.19,2.46,21.19,low,99,4,4,premium,yes,outdoor,1747643242
signage,acrylic,5.49,4.98,2.6,71.08,medium,12,4,3,basic,yes,outdoor,681114159
booth,kayu,5.08,1.86,3.4,32.13,medium,96,2,2,basic,no,outdoor,2024209427
booth,acrylic,4.85,1.93,2.24,20.97,low,25,7,5,basic,yes,outdoor,307253174
backdrop,besi,5.68,4.43,1.86,46.8,high,47,6,4,premium,no,outdoor,2628006434
signage,kayu,5.67,3.42,3.36,65.16,low,10,2,5,premium,no,indoor,315578504
booth,kombinasi,1.39,3.8,1.13,5.97,low,1,7,2,basic,yes,indoor,8911911
merchandise,kayu,1.9,1.83,2.09,7.27,medium,32,7,1,premium,no,outdoor,156202982
signage,acrylic,2.54,3.26,2.07,17.14,low,48,2,4,premium,no,outdoor,522050081
signage,besi,3.97,4.23,2.85,47.86,low,71,6,1,basic,no,outdoor,2432230526
signage,besi,5.65,3.53,1.94,38.69,high,94,4,1,premium,yes,outdoor,3784802347
signage,kayu,2.04,1.09,1.82,4.05,medium,44,7,2,basic,yes,indoor,131245193
backdrop,kayu,5.09,1.39,1.82,12.88,low,68,2,2,basic,no,outdoor,433487164
backdrop,kombinasi,5.64,2.6,1.84,26.98,low,16,7,4,premium,no,indoor,371880013
booth,besi,0.83,3.22,2.79,7.46,medium,74,4,2,basic,yes,indoor,555387394
signage,acrylic,1.29,3.84,1.23,6.09,medium,12,7,5,basic,yes,indoor,71757069
merchandise,acrylic,3.28,0.78,0.71,1.82,medium,77,4,1,premium,no,indoor,110186286
booth,kayu,5.55,4.0,2.97,65.93,high,44,2,2,basic,no,outdoor,2213185959
backdrop,kombinasi,5.91,4.08,2.77,66.79,medium,36,2,3,premium,yes,indoor,2261244707
signage,kayu,1.28,2.22,2.16,6.14,low,60,2,4,basic,no,indoor,181915789
merchandise,kombinasi,3.69,0.6,3.47,7.68,low,26,7,5,basic,yes,indoor,180443310
merchandise,besi,3.9,1.44,2.26,12.69,low,47,5,5,premium,yes,indoor,446042688
signage,kayu,4.28,4.83,2.69,55.61,medium,65,4,3,basic,no,indoor,2403271276
merchandise,besi,1.57,4.15,1.32,8.6,medium,33,4,4,basic,no,indoor,267094528
merchandise,kombinasi,4.22,3.28,2.21,30.59,low,28,4,4,basic,no,outdoor,715931833
merchandise,acrylic,5.72,4.46,3.22,82.15,high,65,7,3,premium,yes,indoor,5658657178
booth,acrylic,2.42,1.6,2.47,9.56,low,91,6,4,premium,no,indoor,572082892
signage,kombinasi,1.9,2.63,0.63,3.15,medium,91,2,5,basic,yes,indoor,303588058
booth,kayu,2.92,1.93,3.24,18.26,low,28,2,2,basic,no,outdoor,238864276
booth,besi,5.49,1.59,0.77,6.72,low,66,4,5,basic,yes,outdoor,301912310
signage,besi,4.03,1.74,1.98,13.88,low,98,2,2,basic,yes,indoor,938791675
signage,kayu,4.62,4.61,2.22,47.28,low,34,5,2,premium,yes,indoor,872999504
backdrop,kombinasi,5.07,1.3,2.67,17.6,medium,18,5,4,basic,yes,indoor,364906590
signage,kombinasi,4.07,3.51,2.9,41.43,high,16,4,1,premium,yes,indoor,955407841
signage,besi,4.99,0.59,2.71,7.98,low,8,4,1,premium,yes,indoor,49337346
signage,kayu,1.26,4.37,2.0,11.01,medium,74,5,1,premium,yes,outdoor,546823861
signage,kombinasi,4.92,0.88,1.66,7.19,low,69,2,2,premium,no,indoor,403153856
booth,kayu,4.19,3.78,2.23,35.32,low,70,4,2,basic,no,indoor,1318186517
signage,besi,2.73,1.71,1.1,5.14,medium,88,2,4,basic,yes,outdoor,431520882
signage,acrylic,5.15,1.32,3.37,22.91,low,83,2,1,premium,yes,outdoor,1127117768
merchandise,kombinasi,4.95,4.44,1.41,30.99,high,27,3,2,premium,yes,outdoor,1118266567
merchandise,besi,5.7,3.57,1.49,30.32,medium,24,4,2,basic,yes,outdoor,699191971
backdrop,kayu,1.26,4.79,1.49,8.99,medium,94,4,3,premium,no,outdoor,537307258
backdrop,acrylic,4.92,4.94,2.29,55.66,low,68,4,3,basic,no,indoor,2282149868
signage,kombinasi,5.17,2.23,1.0,11.53,high,33,3,4,basic,yes,indoor,520159309
signage,kayu,3.03,4.23,2.99,38.32,medium,62,4,4,premium,yes,outdoor,1475802578
booth,kombinasi,4.49,1.01,1.72,7.8,high,79,7,3,basic,no,outdoor,905530377
signage,kombinasi,4.32,3.33,3.09,44.45,low,96,6,4,basic,yes,indoor,3200019958
backdrop,besi,3.04,0.65,0.87,1.72,medium,14,4,2,basic,yes,outdoor,26082892
booth,kombinasi,3.42,2.61,1.73,15.44,high,16,3,2,premium,yes,indoor,313935708
backdrop,kombinasi,3.32,1.94,2.29,14.75,high,69,6,4,premium,no,indoor,1374938258
booth,kayu,1.62,2.38,1.16,4.47,low,100,7,2,basic,yes,outdoor,234574528
signage,kayu,1.78,3.68,1.42,9.3,low,27,4,3,premium,yes,outdoor,132851334
backdrop,kayu,4.62,4.63,0.82,17.54,low,88,2,5,premium,no,outdoor,748426300
signage,kayu,3.3,4.38,3.1,44.81,low,98,3,4,basic,yes,outdoor,1983048817
backdrop,besi,3.59,1.76,2.85,18.01,high,49,5,2,basic,yes,indoor,1116253922
signage,kombinasi,5.75,1.05,0.55,3.32,high,27,7,1,premium,yes,indoor,129247584
merchandise,kombinasi,0.88,1.34,2.17,2.56,low,99,7,5,premium,yes,outdoor,218753587
backdrop,besi,5.12,2.03,2.63,27.34,high,38,7,1,basic,no,outdoor,1288781868
backdrop,acrylic,3.99,1.06,0.71,3.0,high,1,5,5,basic,no,indoor,12352702
booth,kayu,1.26,2.48,1.95,6.09,low,92,2,4,premium,no,indoor,264959848
booth,kayu,4.92,4.91,2.32,56.04,medium,34,7,5,premium,no,outdoor,1383016765
backdrop,besi,1.57,2.51,2.99,11.78,medium,84,2,5,premium,no,indoor,847829565
backdrop,besi,2.77,0.68,1.32,2.49,high,44,4,2,basic,yes,outdoor,132949209
booth,kayu,1.28,3.94,0.83,4.19,high,80,7,5,premium,yes,indoor,283246195
signage,acrylic,3.98,2.53,2.09,21.05,medium,58,3,3,basic,yes,indoor,1046989699
backdrop,acrylic,3.91,4.21,2.57,42.31,medium,60,2,1,premium,yes,indoor,2051541726
signage,besi,3.6,4.7,2.26,38.24,medium,62,4,4,basic,no,outdoor,1924276476
signage,kombinasi,3.35,2.36,1.1,8.7,medium,63,3,1,basic,no,indoor,505783448
booth,kombinasi,1.82,2.24,0.74,3.02,low,97,2,5,basic,no,outdoor,224283525
booth,kombinasi,5.59,1.23,3.4,23.38,low,75,6,5,premium,yes,indoor,1408091763
merchandise,besi,3.44,1.38,1.0,4.75,high,82,2,1,premium,yes,indoor,477364407
merchandise,kombinasi,3.79,4.46,0.65,10.99,low,15,5,5,basic,yes,outdoor,137439519
merchandise,besi,2.83,2.04,3.38,19.51,medium,53,4,2,basic,no,indoor,1015103867
booth,kombinasi,2.38,2.45,3.05,17.78,low,52,5,5,premium,yes,outdoor,762017292
backdrop,kombinasi,4.93,4.3,1.69,35.83,low,10,7,2,premium,yes,indoor,311287332
merchandise,acrylic,4.62,2.96,1.11,15.18,low,26,2,5,premium,yes,indoor,224334214
merchandise,kombinasi,4.43,4.81,1.78,37.93,medium,12,3,4,basic,yes,outdoor,470149247
backdrop,kayu,1.63,0.5,0.62,0.51,high,79,6,1,premium,no,outdoor,35707118
backdrop,kombinasi,5.21,4.72,1.98,48.69,medium,100,7,3,premium,no,indoor,4908707019
merchandise,besi,1.09,4.29,2.34,10.94,low,71,4,4,basic,yes,indoor,648715475
booth,kombinasi,2.46,3.56,1.32,11.56,high,69,6,5,basic,yes,indoor,1065676151
booth,kombinasi,2.27,3.02,3.07,21.05,medium,35,7,2,premium,no,outdoor,748216337
signage,besi,3.43,4.2,0.8,11.52,medium,95,4,1,premium,yes,outdoor,1027556391
booth,besi,5.44,3.12,0.87,14.77,low,74,3,5,basic,yes,indoor,736557086
booth,acrylic,1.87,2.34,1.34,5.86,low,100,3,5,premium,no,outdoor,346218009
booth,besi,5.21,3.87,2.92,58.88,low,94,5,1,basic,no,outdoor,4133701401
backdrop,besi,5.24,1.92,3.06,30.79,low,6,2,3,premium,no,outdoor,139816034
booth,kombinasi,1.49,1.77,1.87,4.93,medium,18,5,1,premium,no,outdoor,89810199
merchandise,besi,1.57,2.77,2.81,12.22,low,26,2,3,basic,no,indoor,237298624
backdrop,acrylic,2.82,0.68,1.85,3.55,medium,18,7,5,premium,no,indoor,60244783
backdrop,acrylic,4.72,4.85,3.41,78.06,high,47,6,1,premium,no,indoor,3532781261
backdrop,acrylic,1.96,1.26,0.79,1.95,medium,8,3,1,premium,yes,outdoor,17013980
backdrop,besi,1.87,2.04,3.06,11.67,medium,76,3,3,premium,no,outdoor,866968994
backdrop,acrylic,4.26,4.7,2.23,44.65,low,40,7,4,basic,no,indoor,989712377
booth,kayu,4.07,4.55,2.37,43.89,low,50,3,4,premium,yes,indoor,1044609998
backdrop,kayu,1.65,3.63,3.33,19.95,high,85,6,5,basic,yes,indoor,1481737182
merchandise,kayu,1.22,1.42,2.81,4.87,medium,80,6,2,basic,no,outdoor,237576502
booth,kombinasi,3.28,2.31,2.4,18.18,medium,99,6,2,premium,no,indoor,1792481808
signage,besi,3.18,4.16,0.8,10.58,medium,53,2,1,premium,yes,outdoor,494405765
booth,acrylic,1.83,1.42,3.36,8.73,high,80,5,1,basic,no,outdoor,676848658
merchandise,kayu,2.89,4.41,1.04,13.25,high,63,2,2,basic,no,outdoor,672151898
backdrop,acrylic,2.1,4.66,1.19,11.65,low,1,3,1,premium,yes,indoor,10073507
merchandise,acrylic,3.67,3.53,0.55,7.13,low,23,7,4,basic,yes,indoor,97397236
booth,kombinasi,1.22,4.09,2.02,10.08,medium,48,4,3,premium,yes,outdoor,523258564
booth,kombinasi,2.48,2.91,2.65,19.12,medium,80,7,4,premium,no,indoor,1558831025
booth,besi,3.14,0.81,2.15,5.47,medium,95,5,2,basic,no,indoor,481929120
merchandise,acrylic,5.02,1.9,1.71,16.31,medium,37,6,3,premium,yes,outdoor,479914978
merchandise,kombinasi,5.85,1.41,0.53,4.37,low,34,3,5,basic,no,outdoor,114327810
backdrop,kayu,1.49,4.51,1.88,12.63,medium,60,4,5,premium,yes,outdoor,503805248
backdrop,kayu,0.94,0.71,0.56,0.37,low,52,6,3,basic,yes,outdoor,14997814
backdrop,kayu,1.12,3.24,2.21,8.02,medium,36,3,4,premium,yes,outdoor,194646076
signage,kayu,5.7,0.76,3.29,14.25,low,54,2,4,basic,no,indoor,388588042
backdrop,acrylic,2.05,1.76,1.71,6.17,high,3,3,5,basic,yes,outdoor,26257962
backdrop,kayu,1.92,1.92,0.76,2.8,low,55,7,3,basic,yes,indoor,77848997
signage,kayu,0.53,4.15,3.35,7.37,low,63,3,2,basic,no,indoor,255564314
booth,kayu,5.97,1.79,2.11,22.55,medium,36,6,4,premium,yes,indoor,524220729
backdrop,kombinasi,5.15,0.77,1.31,5.19,low,69,3,2,basic,yes,outdoor,291752796
signage,acrylic,2.36,3.67,1.06,9.18,medium,10,4,3,premium,no,indoor,68623715
merchandise,besi,2.95,4.85,2.21,31.62,high,39,2,5,premium,no,outdoor,1593634879
signage,kombinasi,1.01,2.56,1.68,4.34,high,72,4,3,premium,yes,outdoor,446777343
merchandise,besi,5.43,4.85,1.83,48.19,low,78,7,4,basic,no,indoor,2619849980
booth,acrylic,2.24,2.71,1.46,8.86,low,12,3,2,premium,yes,outdoor,65724616
merchandise,besi,4.82,2.32,0.51,5.7,high,34,7,2,premium,yes,outdoor,231002040
signage,besi,4.98,2.38,1.43,16.95,high,86,3,3,basic,yes,outdoor,1607394549
booth,kombinasi,1.71,1.64,3.13,8.78,low,88,2,4,premium,yes,indoor,586681260
backdrop,kombinasi,5.29,2.38,1.83,23.04,low,48,7,3,basic,no,outdoor,890722429
booth,kombinasi,1.0,3.86,0.54,2.08,medium,36,2,3,basic,yes,outdoor,81304329
merchandise,kombinasi,4.31,3.95,1.41,24.0,high,99,5,2,premium,no,indoor,3219947535
merchandise,acrylic,5.93,1.51,2.49,22.3,medium,74,2,1,premium,no,outdoor,1298041816
backdrop,acrylic,1.46,2.96,2.64,11.41,medium,31,4,5,basic,yes,outdoor,258864521
backdrop,kayu,1.19,3.44,0.66,2.7,medium,12,2,5,basic,no,indoor,25435635
backdrop,besi,5.45,3.33,1.82,33.03,low,72,6,1,premium,yes,outdoor,1543463502
backdrop,acrylic,1.88,4.21,0.76,6.02,high,95,3,2,basic,no,outdoor,571560983
backdrop,besi,1.3,4.45,2.08,12.03,medium,59,6,4,basic,yes,indoor,668421477
merchandise,kombinasi,4.04,1.92,2.36,18.31,low,7,3,5,basic,no,indoor,106809195
signage,kombinasi,4.41,1.01,2.71,12.07,low,51,5,3,premium,no,indoor,511499403
merchandise,acrylic,0.64,3.64,2.68,6.24,high,95,7,2,basic,no,indoor,633221915
signage,acrylic,3.47,1.65,2.8,16.03,medium,84,4,3,premium,no,outdoor,1074293415
merchandise,kayu,3.03,0.75,1.78,4.05,medium,61,3,2,premium,no,outdoor,162446670
merchandise,kayu,5.9,3.48,2.95,60.57,medium,90,7,4,premium,no,indoor,3647614408
backdrop,acrylic,4.11,0.68,2.29,6.4,high,95,6,3,basic,no,outdoor,627368119
backdrop,acrylic,1.25,4.72,1.56,9.2,medium,71,7,5,premium,yes,outdoor,566956452
signage,kayu,4.68,0.72,3.03,10.21,medium,93,2,2,premium,yes,outdoor,606103831
backdrop,kayu,0.81,3.15,3.02,7.71,low,28,7,5,basic,yes,indoor,113543132
booth,acrylic,5.97,4.85,1.82,52.7,low,92,5,5,basic,no,indoor,2751431657
backdrop,besi,2.18,3.92,2.36,20.17,low,42,5,1,premium,yes,indoor,625744546
backdrop,kayu,2.27,4.0,0.71,6.45,medium,2,5,5,premium,yes,outdoor,18949821
booth,acrylic,5.77,0.65,2.24,8.4,low,46,4,4,basic,no,indoor,219424787
booth,kombinasi,1.29,3.92,2.0,10.11,high,16,4,1,basic,no,indoor,227446075
signage,kayu,4.65,1.89,1.84,16.17,medium,10,4,2,premium,yes,indoor,105559485
backdrop,besi,3.61,1.64,3.25,19.24,low,26,2,5,premium,yes,outdoor,353795429
merchandise,kombinasi,4.22,1.86,1.06,8.32,low,54,5,1,basic,yes,outdoor,370774559
backdrop,acrylic,4.88,1.14,0.89,4.95,medium,53,5,4,premium,no,outdoor,206618614
booth,besi,3.46,3.55,2.55,31.32,medium,39,6,2,basic,yes,outdoor,1176597714
merchandise,acrylic,1.27,2.41,1.53,4.68,low,48,7,3,basic,yes,outdoor,132821324
merchandise,besi,1.09,4.01,3.23,14.12,low,12,6,4,basic,yes,indoor,129868728
backdrop,besi,2.97,4.73,3.36,47.2,low,49,2,4,premium,no,indoor,1585723109
backdrop,kombinasi,4.85,3.56,1.4,24.17,medium,49,5,3,premium,yes,indoor,1176619589
backdrop,besi,1.46,0.71,2.24,2.32,high,20,3,1,basic,no,indoor,59519201
merchandise,kombinasi,5.54,2.76,2.89,44.19,low,31,6,1,premium,no,indoor,1031092207
backdrop,acrylic,1.05,1.72,2.95,5.33,low,30,2,2,premium,no,indoor,92458762
booth,acrylic,5.92,4.19,1.34,33.24,low,41,5,4,basic,no,outdoor,897046924
backdrop,kayu,5.14,2.51,2.63,33.93,medium,43,2,2,basic,no,indoor,960711254
signage,kayu,0.69,3.36,3.08,7.14,low,60,3,1,premium,no,indoor,205297523
merchandise,besi,1.87,4.6,0.96,8.26,medium,52,7,4,premium,yes,indoor,360949149
booth,kombinasi,3.92,4.47,3.38,59.23,low,25,4,5,basic,yes,outdoor,1151101760
merchandise,acrylic,0.55,0.59,2.26,0.73,medium,50,3,5,basic,no,indoor,31112947
merchandise,kayu,2.92,0.81,2.23,5.27,medium,79,6,4,basic,yes,indoor,272950957
booth,acrylic,4.36,0.75,3.24,10.59,medium,33,3,1,basic,no,outdoor,297973541
signage,kayu,3.21,1.37,1.89,8.31,low,70,7,2,basic,no,indoor,288403310
backdrop,besi,5.44,2.55,0.95,13.18,high,85,2,2,basic,yes,indoor,1334022033
booth,kayu,5.63,4.7,0.88,23.29,low,59,7,1,basic,yes,outdoor,667689306
signage,kayu,1.46,3.42,1.24,6.19,medium,69,2,3,premium,yes,indoor,265851724
merchandise,kombinasi,2.64,3.8,2.55,25.58,low,35,7,4,basic,no,indoor,693855535
signage,kombinasi,5.34,4.85,1.52,39.37,low,87,3,3,premium,no,indoor,2802912595
booth,kombinasi,0.75,3.3,1.43,3.54,low,87,6,1,basic,yes,indoor,242750263
backdrop,acrylic,2.74,3.97,1.95,21.21,high,40,3,4,basic,no,indoor,843825677
backdrop,acrylic,5.18,1.8,3.36,31.33,low,66,2,5,basic,no,outdoor,1279998735
signage,acrylic,1.29,0.56,2.2,1.59,high,21,3,5,premium,yes,indoor,43232177
backdrop,kombinasi,4.26,2.76,2.8,32.92,medium,67,2,1,basic,yes,indoor,1932317525
signage,kombinasi,3.84,0.88,2.43,8.21,medium,98,7,5,basic,yes,outdoor,716416120
backdrop,kayu,1.23,2.96,2.14,7.79,low,76,6,5,premium,yes,indoor,306478869
backdrop,kombinasi,1.0,1.68,3.12,5.24,low,87,3,5,premium,yes,outdoor,357886900
signage,kayu,1.8,3.71,3.12,20.84,low,7,5,2,basic,no,indoor,78163019
merchandise,acrylic,1.38,3.65,2.78,14.0,low,49,2,1,basic,yes,indoor,426847525
backdrop,kayu,2.67,4.32,1.98,22.84,medium,23,7,1,basic,no,outdoor,344261287
booth,kayu,5.64,3.77,3.25,69.1,high,34,5,1,premium,no,outdoor,1967359167
merchandise,besi,1.44,2.51,1.13,4.08,medium,99,3,4,basic,yes,indoor,377014108
backdrop,acrylic,2.58,1.66,1.23,5.27,medium,20,2,2,basic,no,indoor,83663129
backdrop,acrylic,2.36,3.04,1.11,7.96,medium,79,6,2,basic,no,outdoor,485953182
backdrop,acrylic,2.44,3.75,1.46,13.36,high,96,2,4,premium,no,outdoor,1327960512
signage,kayu,2.27,0.66,0.88,1.32,high,9,5,3,premium,no,outdoor,16863908
backdrop,besi,3.4,1.41,0.83,3.98,low,11,2,4,premium,yes,indoor,33932081
booth,kayu,4.66,2.93,0.73,9.97,low,15,5,4,premium,no,outdoor,77229505
signage,acrylic,4.91,2.6,1.58,20.17,low,29,4,5,premium,yes,outdoor,310544907
signage,kayu,5.7,3.11,2.12,37.58,low,78,5,3,basic,yes,indoor,1657487507
backdrop,acrylic,5.98,3.5,1.98,41.44,high,96,3,5,basic,no,outdoor,3540846225
signage,acrylic,0.81,1.14,0.66,0.61,medium,81,4,2,premium,no,outdoor,41916140
signage,kombinasi,1.44,1.39,1.46,2.92,medium,81,7,4,premium,no,outdoor,262664633
signage,kombinasi,1.25,1.16,2.59,3.76,medium,34,4,1,premium,no,outdoor,140116160
booth,acrylic,0.9,3.66,1.71,5.63,high,86,3,3,premium,yes,outdoor,480573460
backdrop,kombinasi,0.78,2.73,0.87,1.85,medium,91,5,5,basic,yes,outdoor,172344992
backdrop,kombinasi,2.52,2.18,0.95,5.22,medium,40,5,4,basic,no,indoor,217223431
signage,besi,5.51,2.99,1.02,16.8,low,20,4,4,basic,no,indoor,254730422
signage,acrylic,4.16,1.47,1.16,7.09,medium,9,4,2,basic,no,indoor,54215521
merchandise,kayu,3.05,1.28,1.51,5.9,low,63,5,3,basic,yes,outdoor,198745517
booth,acrylic,5.1,1.47,0.86,6.45,high,3,6,1,premium,yes,outdoor,26533446
signage,acrylic,2.17,3.37,1.55,11.33,high,2,6,1,premium,no,outdoor,27704181
signage,kombinasi,1.91,2.14,3.03,12.38,low,19,4,1,basic,no,indoor,178865425
booth,besi,3.45,0.88,1.41,4.28,medium,71,6,4,premium,yes,indoor,283537724
merchandise,besi,0.96,3.76,1.43,5.16,medium,8,4,3,basic,no,outdoor,41685384
merchandise,kombinasi,2.5,3.2,3.05,24.4,high,52,7,5,basic,yes,outdoor,1987443983
booth,kayu,3.59,1.92,0.75,5.17,medium,13,2,4,basic,yes,outdoor,52301895
booth,acrylic,4.25,4.42,1.21,22.73,high,62,7,4,basic,yes,outdoor,1401894065
backdrop,acrylic,1.19,2.36,2.79,7.84,high,12,4,5,premium,yes,outdoor,105345708
merchandise,acrylic,2.01,4.91,2.29,22.6,medium,12,4,2,premium,no,outdoor,228799633
merchandise,kayu,3.02,4.75,2.52,36.15,low,24,5,1,premium,yes,indoor,487088496
signage,acrylic,1.4,2.77,2.99,11.6,medium,73,7,3,basic,yes,indoor,626686607
booth,kayu,5.05,4.86,3.17,77.8,medium,28,4,1,basic,yes,indoor,1573977020
signage,besi,4.58,1.76,2.19,17.65,low,81,5,3,basic,no,indoor,969773134
backdrop,kombinasi,2.03,2.74,1.49,8.29,medium,64,4,5,premium,no,outdoor,524933078
booth,kayu,5.67,0.72,1.56,6.37,high,17,2,2,premium,no,outdoor,90575594
booth,acrylic,4.69,2.77,3.47,45.08,medium,35,3,1,premium,yes,outdoor,1315159628
backdrop,besi,1.49,3.81,1.26,7.15,medium,92,7,3,premium,yes,indoor,591621046
booth,besi,1.19,2.88,1.31,4.49,low,20,4,5,premium,no,indoor,64576648
signage,besi,3.82,0.72,0.78,2.15,low,23,7,1,basic,yes,indoor,41196715
backdrop,kombinasi,2.41,1.69,2.56,10.43,high,10,4,4,premium,no,indoor,144092731
signage,kayu,4.71,3.46,2.97,48.4,medium,62,3,4,basic,yes,outdoor,1962246072
merchandise,besi,4.62,3.77,2.39,41.63,low,64,4,2,premium,no,indoor,2024426567
merchandise,kayu,2.14,2.35,1.15,5.78,high,37,5,1,basic,yes,outdoor,180548179
booth,kayu,1.61,0.86,1.92,2.66,low,12,4,4,premium,no,indoor,19736544
booth,acrylic,1.64,4.43,0.59,4.29,low,93,7,5,basic,no,indoor,230770380
signage,kayu,1.36,1.52,1.14,2.36,medium,16,6,5,basic,yes,outdoor,33712931
merchandise,kayu,5.22,1.55,0.85,6.88,low,26,2,3,premium,yes,indoor,94024787
signage,acrylic,4.43,3.31,3.41,50.0,medium,61,5,1,basic,yes,indoor,2245521843
backdrop,kombinasi,4.63,1.93,1.95,17.43,low,67,3,1,premium,yes,indoor,973026478
booth,acrylic,0.51,1.77,3.14,2.83,medium,25,3,5,premium,no,outdoor,62712495
booth,acrylic,2.81,3.03,0.52,4.43,low,100,2,5,premium,no,outdoor,293556256
merchandise,kombinasi,1.99,2.17,2.21,9.54,high,97,3,4,premium,no,outdoor,1214420156
booth,kayu,1.55,4.06,1.86,11.7,low,63,2,3,premium,yes,outdoor,326556804
merchandise,kombinasi,4.73,4.56,1.84,39.69,medium,87,5,3,basic,yes,outdoor,3727276402
signage,acrylic,5.28,3.94,1.24,25.8,low,6,3,1,premium,yes,indoor,96273489
signage,besi,1.6,1.88,2.07,6.23,medium,99,3,1,premium,no,outdoor,553637000
merchandise,besi,4.59,2.47,2.95,33.45,medium,13,3,1,premium,no,outdoor,394791081
booth,kombinasi,3.85,1.65,1.72,10.93,medium,15,4,3,basic,no,indoor,174231019
booth,kombinasi,4.48,1.35,3.18,19.23,medium,15,3,2,premium,yes,outdoor,291179404
backdrop,kombinasi,3.72,2.85,0.95,10.07,low,5,4,1,premium,no,indoor,41636739
booth,acrylic,2.18,0.83,3.3,5.97,low,1,7,1,premium,no,outdoor,6877547
booth,acrylic,0.85,1.09,3.08,2.85,medium,24,7,2,premium,no,outdoor,55406289
signage,acrylic,2.2,3.62,0.55,4.38,low,28,6,3,basic,no,outdoor,80398743
signage,besi,1.7,3.55,2.91,17.56,medium,32,3,3,basic,no,indoor,498774481
backdrop,kombinasi,4.6,2.21,1.41,14.33,medium,49,2,1,premium,yes,indoor,767440378
merchandise,kombinasi,5.47,0.94,1.2,6.17,medium,76,3,3,basic,yes,outdoor,488792774
signage,kombinasi,2.1,3.98,0.73,6.1,high,37,6,1,premium,no,outdoor,298275573
backdrop,kombinasi,0.99,4.83,2.92,13.96,medium,82,4,1,premium,no,outdoor,1206823075
booth,kayu,0.52,1.57,3.32,2.71,low,83,2,4,basic,yes,indoor,108640390
booth,besi,5.97,3.56,0.72,15.3,high,57,6,1,premium,no,outdoor,1014309081
signage,kombinasi,2.97,4.27,2.22,28.15,high,60,6,1,basic,yes,outdoor,2272290320
backdrop,kayu,2.07,4.07,3.22,27.13,high,36,6,2,premium,no,indoor,850888900
backdrop,kombinasi,2.86,1.79,2.71,13.87,medium,82,3,2,basic,no,indoor,1239255397
signage,kayu,3.27,1.92,2.69,16.89,high,34,5,1,premium,yes,indoor,474034811
booth,kayu,4.29,1.67,1.26,9.03,high,17,2,2,basic,no,indoor,130296747
merchandise,besi,2.51,2.91,2.87,20.96,high,73,3,5,basic,yes,outdoor,1728226260
merchandise,kombinasi,5.63,4.37,2.63,64.71,medium,74,3,3,premium,no,outdoor,4967456790
backdrop,besi,4.96,1.39,1.14,7.86,medium,72,3,5,basic,yes,outdoor,510420924
signage,acrylic,1.38,4.86,3.24,21.73,low,74,3,2,premium,yes,outdoor,918626742
signage,acrylic,2.79,2.52,2.3,16.17,low,90,2,3,basic,yes,indoor,876774515
merchandise,besi,5.96,3.33,1.61,31.95,low,89,4,2,premium,yes,outdoor,1896645756
signage,acrylic,2.66,1.31,2.23,7.77,high,35,2,5,basic,yes,outdoor,296214099
booth,kombinasi,1.56,1.36,2.81,5.96,low,65,2,2,basic,no,indoor,304871555
backdrop,besi,0.53,4.71,0.82,2.05,high,35,3,3,basic,yes,indoor,96722660
backdrop,besi,3.16,1.0,0.85,2.69,high,82,7,1,basic,yes,indoor,266266063
merchandise,kombinasi,3.96,3.93,2.8,43.58,low,100,2,3,basic,no,outdoor,3547716026
signage,kombinasi,1.68,1.81,1.02,3.1,low,27,5,4,premium,no,indoor,72242483
booth,kombinasi,3.61,3.27,0.62,7.32,medium,76,2,5,premium,no,outdoor,564793667
merchandise,besi,1.21,4.76,1.93,11.12,low,66,3,5,premium,yes,indoor,512039135
backdrop,kayu,0.53,0.83,1.37,0.6,high,62,6,3,basic,no,outdoor,38262269
merchandise,kombinasi,0.54,4.19,1.58,3.57,medium,49,7,3,basic,yes,outdoor,204831988
booth,besi,5.75,3.39,1.39,27.09,low,78,7,1,basic,no,indoor,1376509578
backdrop,kombinasi,0.83,2.36,2.14,4.19,medium,95,7,1,premium,no,outdoor,414884709
booth,acrylic,1.57,2.91,3.3,15.08,high,98,2,5,basic,yes,indoor,1475079858
booth,kombinasi,4.91,2.07,2.58,26.22,low,36,3,1,premium,yes,outdoor,802846701
booth,acrylic,3.92,0.67,1.06,2.78,high,71,4,1,premium,yes,indoor,199219426
signage,kayu,4.93,1.76,1.07,9.28,medium,85,2,5,premium,yes,indoor,501417222
merchandise,kombinasi,1.75,3.83,1.43,9.58,high,13,6,3,premium,no,outdoor,168646865
merchandise,kayu,2.06,3.14,2.26,14.62,medium,12,7,2,premium,no,outdoor,117510499
booth,acrylic,4.15,4.03,1.68,28.1,medium,50,7,1,basic,no,outdoor,1156296815
booth,kayu,5.61,2.68,1.97,29.62,low,33,3,1,premium,no,indoor,489945989
merchandise,acrylic,3.36,3.55,2.84,33.88,low,55,4,2,premium,yes,outdoor,1095329135
merchandise,acrylic,3.93,0.83,2.01,6.56,low,63,2,1,premium,yes,indoor,236785065
signage,kombinasi,4.71,2.45,1.95,22.5,medium,24,6,3,basic,no,indoor,613115090
booth,kayu,0.74,1.89,1.46,2.04,high,47,7,1,premium,no,outdoor,85932566
booth,besi,5.77,3.26,1.29,24.27,low,58,2,2,premium,no,indoor,1067653398
signage,acrylic,2.74,1.36,2.05,7.64,high,68,2,2,basic,no,indoor,515673272
signage,kayu,1.17,2.9,3.14,10.65,medium,94,2,1,basic,no,outdoor,649119083
backdrop,kombinasi,4.19,1.23,1.96,10.1,medium,57,6,1,basic,yes,indoor,607471483
booth,besi,5.7,1.1,2.82,17.68,low,96,2,3,basic,no,outdoor,1172162304
booth,kombinasi,4.73,0.97,3.39,15.55,high,64,7,3,basic,no,indoor,1261939551
backdrop,kombinasi,2.08,3.82,0.71,5.64,high,51,2,3,basic,no,indoor,360943587
merchandise,kayu,3.16,4.49,1.64,23.27,medium,83,3,5,premium,no,outdoor,1242631143
backdrop,kombinasi,2.69,1.96,3.44,18.14,low,93,5,2,basic,yes,indoor,1236053690
booth,besi,3.83,3.02,1.96,22.67,medium,61,4,4,basic,yes,indoor,1348858073
signage,kombinasi,1.96,3.8,2.41,17.95,high,78,2,1,basic,no,indoor,1851907526
signage,kombinasi,4.87,2.55,1.01,12.54,low,40,7,1,premium,yes,indoor,374912288
booth,kayu,1.06,0.55,2.15,1.25,high,13,4,4,basic,no,outdoor,20726619
backdrop,kombinasi,3.63,2.04,2.18,16.14,low,10,2,3,basic,no,outdoor,128046159
booth,acrylic,4.33,1.24,2.76,14.82,high,78,5,2,premium,yes,indoor,1194361571
signage,acrylic,1.4,4.16,3.06,17.82,high,50,7,3,premium,yes,outdoor,904305717
booth,kombinasi,5.9,4.92,3.27,94.92,medium,75,7,1,premium,no,indoor,7839820123
booth,acrylic,0.77,2.52,1.84,3.57,high,58,5,2,premium,yes,outdoor,209815978
merchandise,besi,5.31,1.86,0.78,7.7,medium,33,7,1,premium,yes,indoor,237183499
booth,besi,5.21,4.67,3.35,81.51,medium,12,6,1,basic,yes,indoor,939842933
merchandise,besi,5.88,1.21,1.96,13.95,low,2,2,1,premium,no,outdoor,23023247
merchandise,kombinasi,1.91,3.71,1.94,13.75,medium,37,7,2,basic,yes,outdoor,505113744
signage,acrylic,0.53,3.51,3.42,6.36,medium,98,2,1,premium,no,indoor,452193329
signage,besi,4.97,3.84,2.48,47.33,low,12,7,1,basic,yes,indoor,433514349
booth,kayu,2.44,1.55,0.65,2.46,low,89,4,4,premium,no,outdoor,108833004
signage,besi,1.18,3.29,2.53,9.82,medium,27,6,1,basic,no,outdoor,220745405
merchandise,kayu,1.43,3.92,3.45,19.34,high,22,3,4,basic,no,outdoor,343918240
merchandise,besi,1.35,4.35,2.04,11.98,low,2,3,4,premium,yes,outdoor,21189744
backdrop,kayu,1.17,0.85,2.08,2.07,medium,19,2,3,basic,no,outdoor,28543254
backdrop,besi,3.9,1.77,3.18,21.95,low,7,6,4,basic,yes,outdoor,116421046
signage,kayu,5.42,3.59,1.25,24.32,low,95,5,5,basic,no,indoor,1181496523
backdrop,kombinasi,2.96,1.64,2.98,14.47,medium,82,4,4,basic,yes,indoor,1165918331
merchandise,kombinasi,4.43,1.38,2.57,15.71,low,53,5,3,basic,no,indoor,659527118
signage,besi,4.16,1.79,1.88,14.0,low,95,4,4,basic,yes,indoor,906158218
booth,acrylic,1.75,1.76,0.88,2.71,medium,4,2,2,basic,yes,outdoor,11773121
booth,acrylic,1.43,4.25,1.09,6.62,high,99,7,3,basic,yes,indoor,693619641
signage,kombinasi,5.91,4.82,1.46,41.59,high,22,7,1,basic,yes,outdoor,1257398721
backdrop,kayu,5.09,4.25,2.59,56.03,low,69,7,1,premium,no,indoor,2023631857
booth,kombinasi,4.17,0.56,3.11,7.26,medium,52,3,1,premium,yes,indoor,377376800
backdrop,kayu,4.97,4.81,3.15,75.3,high,63,7,5,basic,yes,outdoor,4216762917
merchandise,besi,1.67,3.22,2.01,10.81,high,72,5,4,premium,yes,indoor,978424996
backdrop,besi,4.25,1.64,3.15,21.96,medium,72,5,5,basic,yes,outdoor,1398612855
signage,besi,3.85,4.19,1.36,21.94,low,73,4,4,basic,no,indoor,1143101631
backdrop,besi,4.84,3.76,1.32,24.02,high,2,6,3,basic,yes,outdoor,66205072
signage,kayu,5.12,3.66,2.87,53.78,low,42,6,1,basic,yes,indoor,1139683507
backdrop,kayu,1.42,0.71,2.84,2.86,low,94,5,3,basic,yes,outdoor,134416905
backdrop,kombinasi,4.14,2.59,2.39,25.63,medium,97,4,5,premium,no,outdoor,2670869784
signage,kayu,1.12,3.74,2.0,8.38,high,88,2,4,premium,no,indoor,657225642
merchandise,kombinasi,3.92,3.68,1.39,20.05,medium,68,4,4,basic,yes,outdoor,1522255997
signage,kayu,4.46,3.54,2.62,41.37,medium,45,3,5,basic,yes,indoor,1262615840
merchandise,besi,5.69,0.72,3.05,12.5,high,65,4,5,premium,yes,outdoor,929111542
booth,acrylic,5.47,1.94,2.51,26.64,low,80,7,1,basic,no,indoor,1313838835
booth,acrylic,5.39,4.28,1.92,44.29,low,29,5,1,basic,no,indoor,814594225
booth,kombinasi,1.36,3.61,2.04,10.02,medium,9,2,2,premium,yes,indoor,97151784
signage,kombinasi,0.73,2.87,3.16,6.62,high,67,7,2,basic,yes,indoor,639373914
booth,kombinasi,0.75,2.1,1.14,1.8,medium,81,7,4,basic,yes,outdoor,161961890
backdrop,kombinasi,0.9,1.16,0.72,0.75,high,59,2,1,premium,no,indoor,62525799
signage,besi,0.71,3.3,2.83,6.63,medium,73,7,1,basic,no,indoor,488367781
backdrop,besi,5.29,2.04,2.81,30.32,medium,72,4,2,premium,no,outdoor,1994483666
booth,kayu,1.97,4.68,1.02,9.4,medium,15,4,5,premium,yes,outdoor,103834585
signage,acrylic,2.21,1.88,3.01,12.51,low,95,4,3,premium,yes,indoor,714062738
booth,besi,5.44,1.69,2.63,24.18,low,78,4,4,basic,no,indoor,1253315199
signage,besi,4.69,2.92,3.02,41.36,low,78,5,2,premium,yes,indoor,2312615692
backdrop,kayu,4.02,0.75,1.72,5.19,low,32,7,5,premium,no,outdoor,87868400
merchandise,acrylic,2.84,4.7,2.13,28.43,medium,68,4,1,premium,no,outdoor,1524219261
backdrop,acrylic,4.5,3.11,0.99,13.86,medium,56,3,3,premium,no,indoor,641178700
backdrop,kayu,0.76,0.56,3.26,1.39,low,76,2,4,basic,yes,outdoor,63492858
backdrop,besi,5.79,3.21,2.18,40.52,low,48,6,3,premium,yes,indoor,1422813082
signage,kayu,3.4,4.05,3.02,41.59,medium,87,7,5,premium,yes,indoor,2225777185
signage,besi,2.38,4.11,3.19,31.2,medium,66,7,4,basic,no,outdoor,1765074425
signage,kombinasi,2.11,2.3,3.06,14.85,medium,21,2,3,basic,yes,outdoor,329757998
signage,kombinasi,1.62,1.16,3.07,5.77,medium,87,7,1,premium,yes,outdoor,540718448
booth,kayu,4.19,1.93,1.64,13.26,high,92,7,2,premium,yes,indoor,1020876732
signage,kombinasi,3.15,2.57,1.59,12.87,medium,2,2,5,basic,yes,indoor,29011128
merchandise,besi,2.6,2.35,2.68,16.37,medium,94,5,3,basic,yes,outdoor,1343988501
merchandise,kombinasi,2.77,1.43,3.13,12.4,low,1,4,5,premium,no,outdoor,15522155
booth,besi,5.28,3.06,1.82,29.41,low,2,6,3,premium,no,outdoor,48779736
signage,kombinasi,2.13,2.73,1.76,10.23,medium,77,2,3,basic,yes,outdoor,778449931
signage,kombinasi,0.58,3.09,1.71,3.06,low,74,3,2,premium,yes,indoor,185667527
backdrop,kayu,4.1,2.24,2.44,22.41,low,38,3,3,premium,yes,outdoor,451033342
merchandise,acrylic,1.08,4.2,1.13,5.13,low,62,2,1,basic,yes,indoor,188273545
merchandise,acrylic,4.38,2.71,1.27,15.07,high,97,4,3,basic,yes,indoor,1281669544
signage,kombinasi,0.75,1.89,1.38,1.96,high,92,4,3,basic,yes,indoor,264025319
booth,kayu,2.96,2.63,2.43,18.92,low,71,5,4,basic,yes,indoor,731052653
merchandise,acrylic,5.19,4.39,2.82,64.25,low,14,5,5,basic,yes,outdoor,512731909
signage,acrylic,3.3,3.13,1.58,16.32,medium,23,3,1,basic,yes,indoor,283098459
booth,kombinasi,1.27,3.31,2.69,11.31,high,29,3,4,basic,yes,outdoor,439106777
signage,besi,3.41,3.51,2.99,35.79,low,62,5,5,premium,no,indoor,1570677493
merchandise,kombinasi,3.79,0.64,1.32,3.2,low,26,4,2,basic,yes,outdoor,66038954
signage,besi,3.34,1.19,3.27,13.0,medium,77,7,5,basic,yes,indoor,941371175
signage,kombinasi,2.2,2.67,1.47,8.63,high,61,7,5,basic,yes,outdoor,702862877
backdrop,besi,1.14,1.73,1.13,2.23,medium,84,2,2,premium,yes,indoor,166835275
booth,besi,1.06,2.32,0.69,1.7,high,2,4,2,basic,no,outdoor,7491283
merchandise,besi,2.71,1.85,2.91,14.59,low,21,3,2,basic,yes,outdoor,229230416
merchandise,besi,2.76,1.54,1.72,7.31,high,61,6,3,premium,no,outdoor,572803656
booth,acrylic,5.18,4.0,1.31,27.14,high,27,5,1,basic,no,outdoor,730679048
backdrop,besi,4.38,2.53,0.8,8.87,medium,35,2,4,basic,no,indoor,290089422
signage,kombinasi,4.09,3.98,1.58,25.72,low,5,2,4,basic,yes,outdoor,102591023
merchandise,kombinasi,5.72,1.26,3.4,24.5,low,59,2,1,premium,no,indoor,1043514526
backdrop,besi,4.27,4.25,1.25,22.68,medium,79,3,2,basic,yes,indoor,1511493954
signage,kayu,4.78,3.82,3.18,58.07,medium,51,2,2,premium,no,outdoor,1911461069
backdrop,kayu,5.87,2.9,3.22,54.81,low,60,7,1,premium,yes,outdoor,1738726138
backdrop,kombinasi,2.64,0.71,2.9,5.44,medium,57,3,4,premium,no,indoor,315091833
backdrop,acrylic,0.6,2.67,1.49,2.39,medium,73,5,3,premium,no,indoor,144600376
merchandise,besi,5.94,3.56,3.45,72.96,low,63,7,5,basic,no,indoor,3166069912
booth,kombinasi,3.85,4.87,1.62,30.37,medium,5,4,4,basic,yes,indoor,168169877
backdrop,acrylic,2.08,1.04,2.61,5.65,medium,6,7,1,basic,no,outdoor,29622433
signage,acrylic,1.89,2.9,2.97,16.28,low,48,4,4,basic,no,outdoor,467151227
merchandise,besi,2.71,4.02,3.39,36.93,low,95,2,1,basic,yes,outdoor,2397460099
signage,besi,2.9,1.38,2.95,11.81,high,19,5,1,premium,yes,outdoor,270928143
booth,acrylic,1.24,0.75,3.1,2.88,low,83,6,5,premium,no,outdoor,147605936
booth,kayu,3.36,2.14,3.12,22.43,low,37,3,2,basic,no,outdoor,404250697
merchandise,kombinasi,3.7,3.6,2.2,29.3,medium,35,2,2,basic,yes,outdoor,1004924462
merchandise,kayu,0.82,1.87,0.97,1.49,low,56,6,5,premium,no,indoor,51211226
merchandise,kombinasi,1.08,3.6,3.44,13.37,medium,61,3,5,premium,no,indoor,821113413
backdrop,acrylic,3.7,4.89,2.78,50.3,medium,52,6,1,basic,yes,outdoor,1918706459
backdrop,kombinasi,3.51,3.66,2.88,37.0,medium,18,4,1,premium,no,outdoor,693318804
backdrop,acrylic,4.18,1.47,2.27,13.95,high,52,5,4,premium,no,outdoor,735843305
backdrop,kombinasi,1.86,4.98,0.81,7.5,low,7,2,5,premium,no,indoor,47618721
signage,kombinasi,2.26,3.18,2.31,16.6,medium,71,5,2,premium,yes,indoor,1228168887
booth,besi,5.37,3.42,0.99,18.18,low,17,2,5,basic,no,indoor,228057964
signage,acrylic,1.2,4.56,2.52,13.79,high,85,3,4,premium,no,outdoor,1238588793
merchandise,kayu,3.36,4.26,2.99,42.8,high,54,3,2,basic,yes,indoor,2158324378
backdrop,acrylic,1.19,3.14,2.79,10.43,high,80,4,3,basic,no,indoor,732463665
backdrop,besi,0.66,3.22,1.69,3.59,low,55,2,3,premium,no,indoor,133152173
backdrop,kombinasi,1.63,2.49,0.7,2.84,high,80,5,5,premium,no,indoor,319802324
signage,besi,1.47,2.43,0.88,3.14,medium,61,5,3,basic,no,indoor,184059346
merchandise,kayu,1.49,2.6,3.4,13.17,medium,47,7,4,premium,yes,outdoor,423531105
merchandise,kayu,5.07,0.72,3.06,11.17,medium,12,7,3,basic,yes,indoor,104808119
booth,kombinasi,5.14,2.13,0.53,5.8,medium,4,3,4,premium,yes,outdoor,26979245
booth,besi,2.97,0.78,1.93,4.47,medium,57,3,3,premium,no,outdoor,230194428
signage,acrylic,2.83,2.82,1.01,8.06,medium,12,2,4,premium,no,outdoor,77056363
merchandise,kayu,3.77,0.91,2.32,7.96,low,19,4,4,basic,yes,outdoor,83224966
signage,kayu,5.22,4.81,2.0,50.22,high,45,6,2,premium,yes,indoor,2087962233
merchandise,besi,0.52,1.59,2.03,1.68,low,1,5,3,premium,yes,indoor,6312079
merchandise,acrylic,4.76,3.07,2.78,40.62,low,69,5,4,premium,no,indoor,1675168150
backdrop,acrylic,4.81,1.71,2.59,21.3,low,80,2,5,basic,no,indoor,886293046
booth,acrylic,2.34,3.77,2.51,22.14,low,27,6,5,basic,no,indoor,363442326
backdrop,kayu,3.73,1.68,3.45,21.62,low,65,3,1,basic,yes,indoor,676521479
merchandise,kayu,1.62,3.84,2.56,15.93,medium,54,7,3,basic,no,indoor,583156421
signage,acrylic,3.36,1.83,0.55,3.38,low,18,5,4,basic,no,outdoor,42934666
backdrop,kayu,4.8,1.2,1.68,9.68,medium,9,5,5,basic,no,indoor,67529600
signage,kombinasi,3.33,1.54,1.04,5.33,high,81,6,5,premium,yes,indoor,563993192
booth,acrylic,2.83,1.89,1.34,7.17,high,93,4,3,premium,yes,indoor,695733258
booth,kombinasi,5.54,1.8,1.06,10.57,medium,56,3,5,premium,no,indoor,658456774
signage,kombinasi,2.83,1.21,1.78,6.1,medium,8,2,3,premium,yes,indoor,55154026
booth,kombinasi,5.83,0.93,1.67,9.05,medium,37,2,2,basic,no,indoor,364866415
merchandise,kayu,1.2,4.37,2.28,11.96,low,80,5,4,basic,no,outdoor,512735026
signage,kayu,1.0,3.42,1.74,5.95,medium,80,3,4,basic,yes,indoor,300568204
booth,kayu,4.26,4.06,1.38,23.87,low,4,6,5,basic,yes,indoor,60212707
merchandise,kombinasi,2.94,1.29,1.1,4.17,low,21,7,3,basic,no,outdoor,72863966
backdrop,besi,4.73,4.48,1.16,24.58,medium,63,3,1,basic,yes,indoor,1399228556
signage,acrylic,5.16,0.54,1.71,4.76,high,59,6,3,basic,yes,indoor,299409987
signage,acrylic,2.8,3.71,3.08,32.0,low,89,7,3,basic,no,indoor,1529018072
backdrop,kombinasi,2.53,1.98,1.77,8.87,medium,19,7,4,premium,yes,indoor,196967217
merchandise,kombinasi,3.82,1.75,3.09,20.66,low,19,7,2,premium,yes,indoor,319472321
backdrop,kombinasi,5.88,4.15,2.17,52.95,high,91,4,2,basic,no,indoor,6975858155
booth,kayu,3.23,1.88,3.28,19.92,medium,12,6,3,premium,yes,outdoor,144973025
merchandise,kombinasi,3.71,2.17,1.85,14.89,medium,90,3,5,premium,yes,indoor,1368199338
merchandise,acrylic,3.55,3.01,2.62,28.0,low,23,3,3,premium,no,outdoor,387980420
signage,kombinasi,3.5,0.65,1.01,2.3,medium,19,5,1,premium,yes,indoor,54005917
signage,kombinasi,4.07,1.89,2.32,17.85,medium,42,2,4,premium,yes,outdoor,749488677
backdrop,besi,3.83,4.83,2.27,41.99,medium,99,2,4,basic,no,outdoor,3573535886
backdrop,kombinasi,3.27,3.85,2.01,25.3,low,40,6,2,premium,no,outdoor,782795817
backdrop,kombinasi,2.85,4.5,3.04,38.99,medium,92,6,1,premium,yes,outdoor,3588820429
booth,besi,5.26,3.76,1.71,33.82,low,24,3,4,basic,yes,indoor,592414597
merchandise,besi,1.89,2.54,1.66,7.97,high,28,3,1,basic,no,indoor,290052803
signage,besi,2.88,0.74,2.05,4.37,medium,52,5,3,basic,yes,indoor,229067243
signage,acrylic,3.85,1.38,1.25,6.64,low,91,7,2,basic,no,outdoor,346126730
merchandise,acrylic,0.61,3.52,2.07,4.44,high,26,4,5,basic,yes,indoor,123027285
booth,besi,3.46,4.58,3.04,48.17,medium,86,5,5,premium,no,indoor,3916772268
merchandise,acrylic,1.29,4.36,1.43,8.04,medium,19,6,2,basic,yes,indoor,119726504
signage,kombinasi,2.38,4.84,2.03,23.38,medium,52,5,2,premium,yes,outdoor,1265967472
signage,kombinasi,1.92,2.66,3.48,17.77,medium,88,5,5,basic,no,outdoor,1545689587
merchandise,kombinasi,1.62,2.31,3.04,11.38,low,33,2,4,premium,yes,indoor,319878233
signage,acrylic,0.96,4.97,0.88,4.2,low,54,7,2,premium,yes,outdoor,128180243
booth,kayu,2.65,1.68,1.53,6.81,medium,27,7,2,basic,yes,indoor,118146912
merchandise,besi,4.81,2.09,1.4,14.07,medium,25,3,4,premium,yes,indoor,309733938
backdrop,besi,5.96,3.44,0.68,13.94,medium,13,2,1,premium,no,outdoor,164946369
signage,acrylic,3.66,3.3,2.02,24.4,high,46,7,4,premium,yes,outdoor,1136468587
booth,acrylic,1.6,2.53,2.58,10.44,medium,77,5,2,basic,yes,indoor,594617725
signage,besi,5.53,1.26,2.95,20.56,high,89,2,1,premium,yes,outdoor,2204638521
merchandise,besi,0.54,0.77,1.79,0.74,low,64,5,2,basic,yes,outdoor,36140057
booth,acrylic,2.27,3.1,0.73,5.14,high,57,3,5,premium,yes,outdoor,308135578
merchandise,besi,3.84,3.32,2.41,30.72,medium,41,7,2,premium,no,indoor,1176966446
backdrop,kombinasi,0.96,2.67,2.04,5.23,high,13,4,4,premium,yes,indoor,103819229
signage,kayu,4.09,2.76,2.66,30.03,low,14,7,1,basic,no,outdoor,210121965
signage,besi,1.09,1.43,0.94,1.47,medium,8,6,1,premium,no,indoor,13552168
merchandise,kombinasi,1.13,1.91,2.93,6.32,low,51,7,5,basic,yes,outdoor,243563441
backdrop,kayu,1.44,3.93,2.82,15.96,high,98,3,5,premium,no,outdoor,1366440893
signage,besi,1.96,2.84,1.85,10.3,low,25,2,5,basic,yes,indoor,188212514
signage,acrylic,1.14,3.18,1.32,4.79,low,20,2,1,premium,no,outdoor,64156271
backdrop,kayu,4.04,2.0,2.76,22.3,medium,80,3,3,basic,no,outdoor,1108288083
merchandise,kombinasi,5.0,3.14,1.26,19.78,low,4,5,4,basic,yes,indoor,73889952
booth,kombinasi,1.09,4.69,3.24,16.56,medium,61,2,1,basic,no,outdoor,984375796
merchandise,kayu,3.24,3.11,1.36,13.7,low,57,4,1,basic,yes,outdoor,372581981
signage,besi,1.07,4.16,0.62,2.76,medium,51,4,3,premium,yes,outdoor,135639787
booth,besi,3.6,1.02,3.49,12.82,medium,50,5,2,premium,no,indoor,531083776
booth,kayu,3.0,3.74,0.82,9.2,high,13,5,2,basic,no,outdoor,104331249
signage,besi,2.68,3.07,3.36,27.64,medium,10,4,2,premium,no,outdoor,234439970
signage,acrylic,5.73,4.37,1.19,29.8,low,87,4,5,premium,no,indoor,1568961127
signage,besi,1.89,2.77,0.59,3.09,low,34,2,3,basic,yes,indoor,66793183
backdrop,acrylic,2.53,3.83,2.85,27.62,medium,97,2,5,basic,no,outdoor,2161841122
signage,besi,4.53,3.31,3.06,45.88,high,21,5,2,basic,no,outdoor,1195827233
merchandise,kombinasi,3.32,4.42,1.37,20.1,low,23,7,4,premium,no,outdoor,364907841
backdrop,acrylic,1.24,1.81,0.93,2.09,high,69,2,5,premium,yes,outdoor,162954050
booth,kombinasi,3.47,2.57,1.48,13.2,medium,62,5,3,basic,no,indoor,945008750
booth,kombinasi,2.66,4.83,1.75,22.48,medium,55,5,1,basic,no,indoor,1260354688
merchandise,acrylic,4.24,1.64,2.26,15.72,medium,55,3,5,basic,no,outdoor,635114513
booth,besi,3.31,3.8,1.73,21.76,low,2,3,1,premium,no,outdoor,31901364
backdrop,kombinasi,3.23,1.26,0.88,3.58,high,5,2,1,premium,yes,outdoor,29632773
signage,besi,2.53,4.82,2.96,36.1,high,72,2,5,basic,no,indoor,3209852887
backdrop,kayu,0.67,3.97,2.37,6.3,medium,37,3,3,premium,no,indoor,155719964
signage,kayu,1.13,3.54,2.61,10.44,medium,13,6,1,basic,yes,indoor,91377916
merchandise,acrylic,3.08,3.0,3.03,28.0,medium,6,4,4,premium,no,outdoor,142081699
signage,acrylic,2.94,3.2,1.93,18.16,high,67,7,3,basic,no,outdoor,1362693188
booth,besi,5.68,0.79,1.71,7.67,low,24,4,3,premium,no,outdoor,138550353
merchandise,kombinasi,5.45,4.67,1.71,43.52,high,12,4,1,basic,no,indoor,798884229
signage,kombinasi,5.6,2.54,2.7,38.4,low,6,5,3,premium,no,indoor,178555171
booth,besi,4.34,3.67,1.98,31.54,high,60,6,5,basic,no,indoor,2404416444
signage,kombinasi,2.71,3.73,3.13,31.64,low,30,4,2,premium,no,indoor,794050219
signage,acrylic,2.32,1.3,2.8,8.44,medium,48,6,5,premium,no,outdoor,313588916
backdrop,besi,4.23,3.91,1.17,19.35,low,56,2,4,premium,no,outdoor,762887557
booth,kombinasi,4.99,4.71,3.02,70.98,medium,4,5,2,basic,no,outdoor,313129148
booth,kayu,3.52,2.92,2.2,22.61,high,57,6,5,premium,no,indoor,1106177591
signage,acrylic,3.28,3.87,0.92,11.68,low,12,7,1,basic,yes,outdoor,79436897
merchandise,kayu,2.42,3.69,1.6,14.29,medium,53,4,1,premium,yes,indoor,474820497
backdrop,kombinasi,3.89,2.43,1.05,9.93,high,70,4,2,premium,no,outdoor,982942886
signage,acrylic,2.57,4.58,2.09,24.6,low,5,6,4,basic,no,outdoor,74987561
merchandise,kayu,5.36,2.62,1.65,23.17,low,91,5,1,basic,yes,outdoor,1125442104
merchandise,acrylic,1.12,2.06,3.13,7.22,low,28,6,2,basic,no,indoor,125522172
booth,besi,3.36,4.24,1.76,25.07,low,60,4,2,basic,no,outdoor,1044314646
booth,kombinasi,3.88,2.49,2.4,23.19,high,77,5,2,premium,yes,indoor,2555953940
merchandise,acrylic,0.57,1.85,2.23,2.35,low,90,5,3,basic,no,outdoor,128856321
signage,kayu,5.72,4.99,1.21,34.54,medium,86,2,3,premium,yes,outdoor,1894143444
backdrop,acrylic,2.12,3.02,1.4,8.96,low,86,7,1,basic,no,indoor,463993085
signage,besi,0.98,3.66,0.66,2.37,low,7,6,5,basic,yes,outdoor,19305203
booth,acrylic,5.58,2.97,2.25,37.29,medium,30,2,5,premium,yes,indoor,803097585
merchandise,kombinasi,2.88,4.23,2.97,36.18,low,57,2,3,premium,yes,outdoor,1740110226
merchandise,kombinasi,0.5,3.72,1.01,1.88,low,78,7,4,basic,yes,outdoor,118529044
booth,kombinasi,4.44,1.95,1.46,12.64,medium,40,7,3,premium,no,indoor,514858648
booth,acrylic,4.15,2.04,2.55,21.59,low,65,5,4,premium,no,indoor,788091244
booth,besi,5.59,4.59,2.04,52.34,low,22,6,1,basic,no,outdoor,877629450
signage,acrylic,0.93,2.18,2.57,5.21,medium,92,3,1,basic,no,indoor,396249990
backdrop,acrylic,0.95,0.51,1.8,0.87,medium,100,5,5,basic,no,outdoor,73074304
signage,besi,2.85,4.8,1.14,15.6,medium,82,7,4,basic,yes,outdoor,1297939303
backdrop,acrylic,0.99,3.24,1.36,4.36,low,31,4,5,premium,yes,outdoor,91642343
signage,kombinasi,3.08,3.74,2.09,24.08,low,13,5,3,premium,yes,outdoor,274864917
merchandise,kayu,5.4,0.93,3.47,17.43,high,87,3,4,basic,yes,indoor,1401470442
booth,acrylic,0.89,0.81,1.13,0.81,low,92,5,2,premium,yes,indoor,51665266
signage,acrylic,0.68,2.62,3.36,5.99,low,67,4,2,premium,no,outdoor,256802278
backdrop,kombinasi,3.28,3.64,2.26,26.98,high,8,2,4,basic,no,outdoor,304102115
signage,kombinasi,0.56,2.48,3.03,4.21,medium,15,3,1,basic,yes,outdoor,70619375
backdrop,besi,4.42,1.21,1.26,6.74,low,62,6,3,basic,yes,indoor,282529072
booth,besi,2.82,0.81,2.03,4.64,medium,24,6,2,premium,no,outdoor,103001735
booth,acrylic,2.57,2.74,1.53,10.77,low,13,5,1,premium,yes,outdoor,93997824
booth,besi,0.74,3.44,2.82,7.18,high,51,5,2,basic,no,outdoor,417141138
merchandise,acrylic,1.07,4.92,3.08,16.21,medium,38,3,1,premium,yes,outdoor,504309773
booth,besi,0.89,2.25,2.72,5.45,low,35,4,1,basic,no,indoor,127228409
booth,acrylic,2.02,4.1,3.25,26.92,medium,40,3,3,premium,no,indoor,887873013
merchandise,besi,1.01,2.79,0.99,2.79,medium,35,2,5,basic,yes,indoor,98519663
merchandise,besi,3.13,3.65,3.27,37.36,low,53,5,2,basic,no,outdoor,1603326006
booth,kayu,1.9,1.68,0.62,1.98,low,78,3,5,premium,yes,indoor,86712591
signage,besi,4.34,2.25,0.98,9.57,low,2,5,3,basic,no,outdoor,17493093
signage,acrylic,4.47,0.84,3.24,12.17,low,3,3,2,premium,no,outdoor,23920483
signage,kayu,2.25,3.95,1.12,9.95,high,68,5,3,basic,yes,outdoor,573399019
signage,kayu,1.6,2.78,2.52,11.21,high,14,7,4,basic,no,outdoor,135497368
backdrop,kayu,4.06,2.4,0.94,9.16,medium,6,6,3,premium,yes,outdoor,43653840
booth,acrylic,4.86,1.1,2.06,11.01,medium,72,7,5,premium,no,outdoor,695393723
merchandise,kombinasi,3.02,1.71,3.03,15.65,low,6,4,2,premium,yes,indoor,85258383
booth,kayu,2.21,3.37,0.53,3.95,low,44,2,5,premium,yes,outdoor,97471668
signage,kayu,5.62,4.29,2.44,58.83,low,44,4,4,premium,no,indoor,1222539768
backdrop,besi,5.95,1.39,2.23,18.44,high,9,5,1,basic,no,indoor,205815556
backdrop,kayu,5.92,1.31,2.8,21.71,low,57,6,3,premium,yes,indoor,586438328
signage,besi,3.46,4.98,1.7,29.29,medium,81,6,4,basic,no,outdoor,2173316582
merchandise,kayu,0.99,1.45,2.01,2.89,low,9,5,5,premium,no,outdoor,20199563
booth,kayu,3.33,3.08,3.28,33.64,medium,63,4,4,basic,no,indoor,1358412628
backdrop,kayu,3.58,4.05,2.72,39.44,medium,68,3,3,basic,no,outdoor,1721646831
